id,name,slug,title,path,url
10,마등,ma_teng_10,마등,/w/마등,https://namu.wiki/w/%EB%A7%88%EB%93%B1
13,장로,zhang_lu_13,장로(삼국지),/w/장로(삼국지),https://namu.wiki/w/%EC%9E%A5%EB%A1%9C(%EC%82%BC%EA%B5%AD%EC%A7%80)
16,한수,han_sui_16,한수(삼국지),/w/한수(삼국지),https://namu.wiki/w/%ED%95%9C%EC%88%98(%EC%82%BC%EA%B5%AD%EC%A7%80)
21,하진,ha_jin_21,하진(삼국지),/w/하진(삼국지),https://namu.wiki/w/%ED%95%98%EC%A7%84(%EC%82%BC%EA%B5%AD%EC%A7%80)
25,가비능,kebineng_25,가비능,/w/가비능,https://namu.wiki/w/%EA%B0%80%EB%B9%84%EB%8A%A5
26,주창,ju_chang_26,주창,/w/주창,https://namu.wiki/w/%EC%A3%BC%EC%B0%BD
33,조인,cao_ren_33,조인,/w/조인,https://namu.wiki/w/%EC%A1%B0%EC%9D%B8
36,전위,dian_wei_36,전위(삼국지),/w/전위(삼국지),https://namu.wiki/w/%EC%A0%84%EC%9C%84(%EC%82%BC%EA%B5%AD%EC%A7%80)
37,장료,zhang_liao_37,장료,/w/장료,https://namu.wiki/w/%EC%9E%A5%EB%A3%8C
41,곽가,guo_jia_41,곽가,/w/곽가,https://namu.wiki/w/%EA%B3%BD%EA%B0%80
53,왕랑,wang_lang_53,왕랑,/w/왕랑,https://namu.wiki/w/%EC%99%95%EB%9E%91
58,조진,jo_jin_58,조진,/w/조진,https://namu.wiki/w/%EC%A1%B0%EC%A7%84
61,방덕,pang_de_61,방덕,/w/방덕,https://namu.wiki/w/%EB%B0%A9%EB%8D%95
65,종요,jong_yo_65,종요,/w/종요,https://namu.wiki/w/%EC%A2%85%EC%9A%94
67,두습,du_seup_67,두습,/w/두습,https://namu.wiki/w/%EB%91%90%EC%8A%B5
72,유방,yu_bang_72,유방(삼국지),/w/유방(삼국지),https://namu.wiki/w/%EC%9C%A0%EB%B0%A9(%EC%82%BC%EA%B5%AD%EC%A7%80)
73,손자,son_ja_73,손자(삼국지),/w/손자(삼국지),https://namu.wiki/w/%EC%86%90%EC%9E%90(%EC%82%BC%EA%B5%AD%EC%A7%80)
80,방통,pang_tong_80,방통,/w/방통,https://namu.wiki/w/%EB%B0%A9%ED%86%B5
92,미축,mi_chuk_92,미축,/w/미축,https://namu.wiki/w/%EB%AF%B8%EC%B6%95
105,오의,o_ui_105,오의(삼국지),/w/오의(삼국지),https://namu.wiki/w/%EC%98%A4%EC%9D%98(%EC%82%BC%EA%B5%AD%EC%A7%80)
109,진밀,jin_mil_109,진밀,/w/진밀,https://namu.wiki/w/%EC%A7%84%EB%B0%80
111,종예,jong_ye_111,종예,/w/종예,https://namu.wiki/w/%EC%A2%85%EC%98%88
113,풍습,pung_seup_113,풍습(삼국지),/w/풍습(삼국지),https://namu.wiki/w/%ED%92%8D%EC%8A%B5(%EC%82%BC%EA%B5%AD%EC%A7%80)
117,여몽,lu_meng_117,여몽,/w/여몽,https://namu.wiki/w/%EC%97%AC%EB%AA%BD
122,주태,zhou_tai_122,주태,/w/주태,https://namu.wiki/w/%EC%A3%BC%ED%83%9C
133,반장,ban_jang_133,반장(삼국지),/w/반장(삼국지),https://namu.wiki/w/%EB%B0%98%EC%9E%A5(%EC%82%BC%EA%B5%AD%EC%A7%80)
134,주연,ju_yeon_134,주연(삼국지),/w/주연(삼국지),https://namu.wiki/w/%EC%A3%BC%EC%97%B0(%EC%82%BC%EA%B5%AD%EC%A7%80)
140,전종,jeon_jong_140,전종,/w/전종,https://namu.wiki/w/%EC%A0%84%EC%A2%85
146,여범,yeo_beom_146,여범,/w/여범,https://namu.wiki/w/%EC%97%AC%EB%B2%94
154,안량,an_ryang_154,안량,/w/안량,https://namu.wiki/w/%EC%95%88%EB%9F%89
155,전풍,jeon_pung_155,전풍,/w/전풍,https://namu.wiki/w/%EC%A0%84%ED%92%8D
158,곽도,gwak_do_158,곽도,/w/곽도,https://namu.wiki/w/%EA%B3%BD%EB%8F%84
165,채모,chae_mo_165,채모,/w/채모,https://namu.wiki/w/%EC%B1%84%EB%AA%A8
169,한숭,han_sung_169,한숭,/w/한숭,https://namu.wiki/w/%ED%95%9C%EC%88%AD
175,포신,po_sin_175,포신(삼국지),/w/포신(삼국지),https://namu.wiki/w/%ED%8F%AC%EC%8B%A0(%EC%82%BC%EA%B5%AD%EC%A7%80)
176,공융,kong_rong_176,공융,/w/공융,https://namu.wiki/w/%EA%B3%B5%EC%9C%B5
178,왕광,wang_gwang_178,왕광,/w/왕광,https://namu.wiki/w/%EC%99%95%EA%B4%91
190,양봉,yang_bong_190,양봉(삼국지),/w/양봉(삼국지),https://namu.wiki/w/%EC%96%91%EB%B4%89(%EC%82%BC%EA%B5%AD%EC%A7%80)
192,이각,i_gak_192,이각,/w/이각,https://namu.wiki/w/%EC%9D%B4%EA%B0%81
195,화웅,hwa_ung_195,화웅,/w/화웅,https://namu.wiki/w/%ED%99%94%EC%9B%85
198,이숙,i_suk_198,이숙(삼국지),/w/이숙(삼국지),https://namu.wiki/w/%EC%9D%B4%EC%88%99(%EC%82%BC%EA%B5%AD%EC%A7%80)
241,파재,pa_jae_241,파재,/w/파재,https://namu.wiki/w/%ED%8C%8C%EC%9E%AC
242,팽탈,paeng_tal_242,팽탈,/w/팽탈,https://namu.wiki/w/%ED%8C%BD%ED%83%88
243,마원의,ma_wonui_243,마원의,/w/마원의,https://namu.wiki/w/%EB%A7%88%EC%9B%90%EC%9D%98
247,하의,ha_ui_247,하의(삼국지),/w/하의(삼국지),https://namu.wiki/w/%ED%95%98%EC%9D%98(%EC%82%BC%EA%B5%AD%EC%A7%80)
248,한충,han_chung_248,한충(동연),/w/한충(동연),https://namu.wiki/w/%ED%95%9C%EC%B6%A9(%EB%8F%99%EC%97%B0)
249,손하,son_ha_249,손하(삼국지),/w/손하(삼국지),https://namu.wiki/w/%EC%86%90%ED%95%98(%EC%82%BC%EA%B5%AD%EC%A7%80)
257,주준,zhu_jun_257,주준,/w/주준,https://namu.wiki/w/%EC%A3%BC%EC%A4%80
267,유민,yu_min_267,유민(삼국지),/w/유민(삼국지),https://namu.wiki/w/%EC%9C%A0%EB%AF%BC(%EC%82%BC%EA%B5%AD%EC%A7%80)
275,동우,dong_u_275,동우(삼국지),/w/동우(삼국지),https://namu.wiki/w/%EB%8F%99%EC%9A%B0(%EC%82%BC%EA%B5%AD%EC%A7%80)
278,한영,han_yeong_278,한영(삼국지연의),/w/한영(삼국지연의),https://namu.wiki/w/%ED%95%9C%EC%98%81(%EC%82%BC%EA%B5%AD%EC%A7%80%EC%97%B0%EC%9D%98)
303,손영,son_yeong_303,손영,/w/손영,https://namu.wiki/w/%EC%86%90%EC%98%81
304,서봉,seo_bong_304,서봉,/w/서봉,https://namu.wiki/w/%EC%84%9C%EB%B4%89
305,원성,won_seong_305,원성,/w/원성,https://namu.wiki/w/%EC%9B%90%EC%84%B1
306,서강,seo_gang_306,서강(삼국지연의),/w/서강(삼국지연의),https://namu.wiki/w/%EC%84%9C%EA%B0%95(%EC%82%BC%EA%B5%AD%EC%A7%80%EC%97%B0%EC%9D%98)
313,유영,yu_yeong_313,유영(삼국지),/w/유영(삼국지),https://namu.wiki/w/%EC%9C%A0%EC%98%81(%EC%82%BC%EA%B5%AD%EC%A7%80)
325,조광,jo_gwang_325,조광(삼국지),/w/조광(삼국지),https://namu.wiki/w/%EC%A1%B0%EA%B4%91(%EC%82%BC%EA%B5%AD%EC%A7%80)
333,마우,ma_u_333,마우,/w/마우,https://namu.wiki/w/%EB%A7%88%EC%9A%B0
348,육현,yuk_hyeon_348,육현,/w/육현,https://namu.wiki/w/%EC%9C%A1%ED%98%84
352,진명,jin_myeong_352,진명(삼국지연의),/w/진명(삼국지연의),https://namu.wiki/w/%EC%A7%84%EB%AA%85(%EC%82%BC%EA%B5%AD%EC%A7%80%EC%97%B0%EC%9D%98)
382,진준,jin_jun_382,진준(삼국지연의),/w/진준(삼국지연의),https://namu.wiki/w/%EC%A7%84%EC%A4%80(%EC%82%BC%EA%B5%AD%EC%A7%80%EC%97%B0%EC%9D%98)
388,조덕,jo_deok_388,조덕,/w/조덕,https://namu.wiki/w/%EC%A1%B0%EB%8D%95
398,유준,yu_jun_398,유준(삼국지),/w/유준(삼국지),https://namu.wiki/w/%EC%9C%A0%EC%A4%80(%EC%82%BC%EA%B5%AD%EC%A7%80)
401,진진,jin_jin_401,진진(삼국지),/w/진진(삼국지),https://namu.wiki/w/%EC%A7%84%EC%A7%84(%EC%82%BC%EA%B5%AD%EC%A7%80)
404,원수,won_su_404,원수(삼국지),/w/원수(삼국지),https://namu.wiki/w/%EC%9B%90%EC%88%98(%EC%82%BC%EA%B5%AD%EC%A7%80)
407,이호,i_ho_407,이호(삼국지),/w/이호(삼국지),https://namu.wiki/w/%EC%9D%B4%ED%98%B8(%EC%82%BC%EA%B5%AD%EC%A7%80)
410,조우,jo_u_410,조우(삼국지),/w/조우(삼국지),https://namu.wiki/w/%EC%A1%B0%EC%9A%B0(%EC%82%BC%EA%B5%AD%EC%A7%80)
413,정안,jeong_an_413,정안(삼국지),/w/정안(삼국지),https://namu.wiki/w/%EC%A0%95%EC%95%88(%EC%82%BC%EA%B5%AD%EC%A7%80)
428,주충,ju_chung_428,주충,/w/주충,https://namu.wiki/w/%EC%A3%BC%EC%B6%A9
429,유호,yu_ho_429,유호,/w/유호,https://namu.wiki/w/%EC%9C%A0%ED%98%B8
431,정충,jeong_chung_431,정충,/w/정충,https://namu.wiki/w/%EC%A0%95%EC%B6%A9
518,악침,ak_chim_518,악침,/w/악침,https://namu.wiki/w/%EC%95%85%EC%B9%A8
519,한호,han_ho_519,한호(삼국지),/w/한호(삼국지),https://namu.wiki/w/%ED%95%9C%ED%98%B8(%EC%82%BC%EA%B5%AD%EC%A7%80)
526,매성,mae_seong_526,매성,/w/매성,https://namu.wiki/w/%EB%A7%A4%EC%84%B1
539,위관,wi_gwan_539,위관,/w/위관,https://namu.wiki/w/%EC%9C%84%EA%B4%80
543,왕필,wang_pil_543,왕필(후한),/w/왕필(후한),https://namu.wiki/w/%EC%99%95%ED%95%84(%ED%9B%84%ED%95%9C)
544,왕기,wang_gi_544,왕기(삼국지),/w/왕기(삼국지),https://namu.wiki/w/%EC%99%95%EA%B8%B0(%EC%82%BC%EA%B5%AD%EC%A7%80)
546,왕릉,wang_reung_546,왕릉(삼국지),/w/왕릉(삼국지),https://namu.wiki/w/%EC%99%95%EB%A6%89(%EC%82%BC%EA%B5%AD%EC%A7%80)
547,왕숙,wang_suk_547,왕숙,/w/왕숙,https://namu.wiki/w/%EC%99%95%EC%88%99
569,사섭,sa_seop_569,사섭,/w/사섭,https://namu.wiki/w/%EC%82%AC%EC%84%AD
578,하제,ha_je_578,하제,/w/하제,https://namu.wiki/w/%ED%95%98%EC%A0%9C
581,진표,jin_pyo_581,진표(삼국지),/w/진표(삼국지),https://namu.wiki/w/%EC%A7%84%ED%91%9C(%EC%82%BC%EA%B5%AD%EC%A7%80)
582,손소,son_so_582,손소(손오 승상),/w/손소(손오 승상),https://namu.wiki/w/%EC%86%90%EC%86%8C(%EC%86%90%EC%98%A4%20%EC%8A%B9%EC%83%81)
593,주이,ju_i_593,주이(삼국지),/w/주이(삼국지),https://namu.wiki/w/%EC%A3%BC%EC%9D%B4(%EC%82%BC%EA%B5%AD%EC%A7%80)
595,오찬,o_chan_595,오찬(삼국지),/w/오찬(삼국지),https://namu.wiki/w/%EC%98%A4%EC%B0%AC(%EC%82%BC%EA%B5%AD%EC%A7%80)
597,여대,yeo_dae_597,여대(삼국지),/w/여대(삼국지),https://namu.wiki/w/%EC%97%AC%EB%8C%80(%EC%82%BC%EA%B5%AD%EC%A7%80)
609,호진,ho_jin_609,호진(삼국지),/w/호진(삼국지),https://namu.wiki/w/%ED%98%B8%EC%A7%84(%EC%82%BC%EA%B5%AD%EC%A7%80)
615,유혁,yu_hyeok_615,유혁,/w/유혁,https://namu.wiki/w/%EC%9C%A0%ED%98%81
617,유이,yu_i_617,유이(삼국지),/w/유이(삼국지),https://namu.wiki/w/%EC%9C%A0%EC%9D%B4(%EC%82%BC%EA%B5%AD%EC%A7%80)
625,장소,jang_so_625,장소(삼국지),/w/장소(삼국지),https://namu.wiki/w/%EC%9E%A5%EC%86%8C(%EC%82%BC%EA%B5%AD%EC%A7%80)
629,진충,jin_chung_629,진충,/w/진충,https://namu.wiki/w/%EC%A7%84%EC%B6%A9
632,교유,gyo_yu_632,교유,/w/교유,https://namu.wiki/w/%EA%B5%90%EC%9C%A0
644,왕욱,wang_uk_644,왕욱(삼국지),/w/왕욱(삼국지),https://namu.wiki/w/%EC%99%95%EC%9A%B1(%EC%82%BC%EA%B5%AD%EC%A7%80)
646,왕보,wang_bo_646,왕보(삼국지),/w/왕보(삼국지),https://namu.wiki/w/%EC%99%95%EB%B3%B4(%EC%82%BC%EA%B5%AD%EC%A7%80)
649,왕상,wang_sang_649,왕상(삼국지),/w/왕상(삼국지),https://namu.wiki/w/%EC%99%95%EC%83%81(%EC%82%BC%EA%B5%AD%EC%A7%80)
663,원희,won_hui_663,원희(삼국지),/w/원희(삼국지),https://namu.wiki/w/%EC%9B%90%ED%9D%AC(%EC%82%BC%EA%B5%AD%EC%A7%80)
666,원매,won_mae_666,원매,/w/원매,https://namu.wiki/w/%EC%9B%90%EB%A7%A4
668,원유,won_yu_668,원유(삼국지),/w/원유(삼국지),https://namu.wiki/w/%EC%9B%90%EC%9C%A0(%EC%82%BC%EA%B5%AD%EC%A7%80)
679,관구의,gwan_guui_679,관구의,/w/관구의,https://namu.wiki/w/%EA%B4%80%EA%B5%AC%EC%9D%98
691,교공,gyo_gong_691,교공,/w/교공,https://namu.wiki/w/%EA%B5%90%EA%B3%B5
700,동백,dong_baek_700,동백(삼국지),/w/동백(삼국지),https://namu.wiki/w/%EB%8F%99%EB%B0%B1(%EC%82%BC%EA%B5%AD%EC%A7%80)
703,오반,o_ban_703,오반(삼국지),/w/오반(삼국지),https://namu.wiki/w/%EC%98%A4%EB%B0%98(%EC%82%BC%EA%B5%AD%EC%A7%80)
704,오란,o_ran_704,오란(삼국지),/w/오란(삼국지),https://namu.wiki/w/%EC%98%A4%EB%9E%80(%EC%82%BC%EA%B5%AD%EC%A7%80)
709,정문,jeong_mun_709,정문(삼국지연의),/w/정문(삼국지연의),https://namu.wiki/w/%EC%A0%95%EB%AC%B8(%EC%82%BC%EA%B5%AD%EC%A7%80%EC%97%B0%EC%9D%98)
711,이헌,i_heon_711,이헌,/w/이헌,https://namu.wiki/w/%EC%9D%B4%ED%97%8C
724,왕련,wang_ryeon_724,왕련,/w/왕련,https://namu.wiki/w/%EC%99%95%EB%A0%A8
726,왕도,wang_do_726,왕도(삼국지연의),/w/왕도(삼국지연의),https://namu.wiki/w/%EC%99%95%EB%8F%84(%EC%82%BC%EA%B5%AD%EC%A7%80%EC%97%B0%EC%9D%98)
727,왕경,wang_gyeong_727,왕경(삼국지),/w/왕경(삼국지),https://namu.wiki/w/%EC%99%95%EA%B2%BD(%EC%82%BC%EA%B5%AD%EC%A7%80)
733,조방,jo_bang_733,조방,/w/조방,https://namu.wiki/w/%EC%A1%B0%EB%B0%A9
734,조모,jo_mo_734,조모(삼국지),/w/조모(삼국지),https://namu.wiki/w/%EC%A1%B0%EB%AA%A8(%EC%82%BC%EA%B5%AD%EC%A7%80)
742,변양,byeon_yang_742,변양,/w/변양,https://namu.wiki/w/%EB%B3%80%EC%96%91
767,이복,i_bok_767,이복,/w/이복,https://namu.wiki/w/%EC%9D%B4%EB%B3%B5
769,방열,bang_yeol_769,방열(삼국지연의),/w/방열(삼국지연의),https://namu.wiki/w/%EB%B0%A9%EC%97%B4(%EC%82%BC%EA%B5%AD%EC%A7%80%EC%97%B0%EC%9D%98)
770,진식,jin_sik_770,진식(삼국지),/w/진식(삼국지),https://namu.wiki/w/%EC%A7%84%EC%8B%9D(%EC%82%BC%EA%B5%AD%EC%A7%80)
771,진태,jin_tae_771,진태,/w/진태,https://namu.wiki/w/%EC%A7%84%ED%83%9C
772,우금,yu_jin_772,우금,/w/우금,https://namu.wiki/w/%EC%9A%B0%EA%B8%88
774,장달,jang_dal_774,장달,/w/장달,https://namu.wiki/w/%EC%9E%A5%EB%8B%AC
779,포충,po_chung_779,포충,/w/포충,https://namu.wiki/w/%ED%8F%AC%EC%B6%A9
780,한현,han_hyeon_780,한현,/w/한현,https://namu.wiki/w/%ED%95%9C%ED%98%84
787,양원,yang_won_787,양원(후한),/w/양원(후한),https://namu.wiki/w/%EC%96%91%EC%9B%90(%ED%9B%84%ED%95%9C)
795,제갈첨,jegal_cheom_795,제갈첨,/w/제갈첨,https://namu.wiki/w/%EC%A0%9C%EA%B0%88%EC%B2%A8
803,종육,jong_yuk_803,종육,/w/종육,https://namu.wiki/w/%EC%A2%85%EC%9C%A1
804,호준,ho_jun_804,호준,/w/호준,https://namu.wiki/w/%ED%98%B8%EC%A4%80
805,호열,ho_yeol_805,호열,/w/호열,https://namu.wiki/w/%ED%98%B8%EC%97%B4
806,호소,ho_so_806,호소(삼국지),/w/호소(삼국지),https://namu.wiki/w/%ED%98%B8%EC%86%8C(%EC%82%BC%EA%B5%AD%EC%A7%80)
810,맹광,maeng_gwang_810,맹광(삼국지),/w/맹광(삼국지),https://namu.wiki/w/%EB%A7%B9%EA%B4%91(%EC%82%BC%EA%B5%AD%EC%A7%80)
814,장숙,jang_suk_814,장숙,/w/장숙,https://namu.wiki/w/%EC%9E%A5%EC%88%99
821,유범,yu_beom_821,유범,/w/유범,https://namu.wiki/w/%EC%9C%A0%EB%B2%94
824,왕수,wang_su_824,왕수(삼국지),/w/왕수(삼국지),https://namu.wiki/w/%EC%99%95%EC%88%98(%EC%82%BC%EA%B5%AD%EC%A7%80)
827,왕해,wang_hae_827,왕해(삼국지),/w/왕해(삼국지),https://namu.wiki/w/%EC%99%95%ED%95%B4(%EC%82%BC%EA%B5%AD%EC%A7%80)
854,상총,sang_chong_854,상총,/w/상총,https://namu.wiki/w/%EC%83%81%EC%B4%9D
858,아단,a_dan_858,아단(삼국지),/w/아단(삼국지),https://namu.wiki/w/%EC%95%84%EB%8B%A8(%EC%82%BC%EA%B5%AD%EC%A7%80)
862,육경,yuk_gyeong_862,육경(손오),/w/육경(손오),https://namu.wiki/w/%EC%9C%A1%EA%B2%BD(%EC%86%90%EC%98%A4)
870,하후영,hahu_yeong_870,하후영(후한),/w/하후영(후한),https://namu.wiki/w/%ED%95%98%ED%9B%84%EC%98%81(%ED%9B%84%ED%95%9C)
872,하후칭,hahu_ching_872,하후칭,/w/하후칭,https://namu.wiki/w/%ED%95%98%ED%9B%84%EC%B9%AD
891,하안,ha_an_891,하안,/w/하안,https://namu.wiki/w/%ED%95%98%EC%95%88
901,장존,jang_jon_901,장존,/w/장존,https://namu.wiki/w/%EC%9E%A5%EC%A1%B4
903,성제,seong_je_903,성제(삼국지),/w/성제(삼국지),https://namu.wiki/w/%EC%84%B1%EC%A0%9C(%EC%82%BC%EA%B5%AD%EC%A7%80)
905,습진,seup_jin_905,습진(삼국지),/w/습진(삼국지),https://namu.wiki/w/%EC%8A%B5%EC%A7%84(%EC%82%BC%EA%B5%AD%EC%A7%80)
906,위강,wi_gang_906,위강,/w/위강,https://namu.wiki/w/%EC%9C%84%EA%B0%95
908,전예,jeon_ye_908,전예,/w/전예,https://namu.wiki/w/%EC%A0%84%EC%98%88
910,임준,im_jun_910,임준,/w/임준,https://namu.wiki/w/%EC%9E%84%EC%A4%80
917,서모,seo_mo_917,서모,/w/서모,https://namu.wiki/w/%EC%84%9C%EB%AA%A8
919,부간,bu_gan_919,부간,/w/부간,https://namu.wiki/w/%EB%B6%80%EA%B0%84
921,장천,jang_cheon_921,장천(삼국지),/w/장천(삼국지),https://namu.wiki/w/%EC%9E%A5%EC%B2%9C(%EC%82%BC%EA%B5%AD%EC%A7%80)
933,호질,ho_jil_933,호질,/w/호질,https://namu.wiki/w/%ED%98%B8%EC%A7%88
946,유연,yu_yeon_946,유연(삼국지),/w/유연(삼국지),https://namu.wiki/w/%EC%9C%A0%EC%97%B0(%EC%82%BC%EA%B5%AD%EC%A7%80)
947,오언,o_eon_947,오언(삼국지),/w/오언(삼국지),https://namu.wiki/w/%EC%98%A4%EC%96%B8(%EC%82%BC%EA%B5%AD%EC%A7%80)
953,석감,seok_gam_953,석감(삼국지),/w/석감(삼국지),https://namu.wiki/w/%EC%84%9D%EA%B0%90(%EC%82%BC%EA%B5%AD%EC%A7%80)
955,육운,yuk_un_955,육운,/w/육운,https://namu.wiki/w/%EC%9C%A1%EC%9A%B4
963,호충,ho_chung_963,호충(촉한 독군),/w/호충(촉한 독군),https://namu.wiki/w/%ED%98%B8%EC%B6%A9(%EC%B4%89%ED%95%9C%20%EB%8F%85%EA%B5%B0)
968,제갈탄,jegal_tan_968,제갈탄,/w/제갈탄,https://namu.wiki/w/%EC%A0%9C%EA%B0%88%ED%83%84
979,유강,yu_gang_979,유강,/w/유강,https://namu.wiki/w/%EC%9C%A0%EA%B0%95
992,안준,an_jun_992,안준(삼국지),/w/안준(삼국지),https://namu.wiki/w/%EC%95%88%EC%A4%80(%EC%82%BC%EA%B5%AD%EC%A7%80)
1105,호화,ho_hwa_1105,호화(삼국지연의),/w/호화(삼국지연의),https://namu.wiki/w/%ED%98%B8%ED%99%94(%EC%82%BC%EA%B5%AD%EC%A7%80%EC%97%B0%EC%9D%98)
1107,범강,beom_gang_1107,범강,/w/범강,https://namu.wiki/w/%EB%B2%94%EA%B0%95
1114,정무,jeong_mu_1114,정무(삼국지),/w/정무(삼국지),https://namu.wiki/w/%EC%A0%95%EB%AC%B4(%EC%82%BC%EA%B5%AD%EC%A7%80)
1115,정태,jeong_tae_1115,정태,/w/정태,https://namu.wiki/w/%EC%A0%95%ED%83%9C
1119,변장,byeon_jang_1119,변장(삼국지),/w/변장(삼국지),https://namu.wiki/w/%EB%B3%80%EC%9E%A5(%EC%82%BC%EA%B5%AD%EC%A7%80)
1121,조절,jo_jeol_1121,조절(삼국지),/w/조절(삼국지),https://namu.wiki/w/%EC%A1%B0%EC%A0%88(%EC%82%BC%EA%B5%AD%EC%A7%80)
1123,조숭,jo_sung_1123,조숭,/w/조숭,https://namu.wiki/w/%EC%A1%B0%EC%88%AD
1128,왕렬,wang_ryeol_1128,왕렬,/w/왕렬,https://namu.wiki/w/%EC%99%95%EB%A0%AC
1150,유옹,yu_ong_1150,유옹,/w/유옹,https://namu.wiki/w/%EC%9C%A0%EC%98%B9
1184,노육,no_yuk_1184,노육,/w/노육,https://namu.wiki/w/%EB%85%B8%EC%9C%A1
1185,노손,no_son_1185,노손,/w/노손,https://namu.wiki/w/%EB%85%B8%EC%86%90
2006,주경,ju_gyeong_2006,주경,/w/주경,https://namu.wiki/w/%EC%A3%BC%EA%B2%BD
2017,정도,jeong_do_2017,정도(삼국지),/w/정도(삼국지),https://namu.wiki/w/%EC%A0%95%EB%8F%84(%EC%82%BC%EA%B5%AD%EC%A7%80)
2068,노욱,no_uk_2068,노욱,/w/노욱,https://namu.wiki/w/%EB%85%B8%EC%9A%B1
2106,장희,jang_hui_2106,장희(후한 사공),/w/장희(후한 사공),https://namu.wiki/w/%EC%9E%A5%ED%9D%AC(%ED%9B%84%ED%95%9C%20%EC%82%AC%EA%B3%B5)
2127,사마진,sama_jin_2127,사마진,/w/사마진,https://namu.wiki/w/%EC%82%AC%EB%A7%88%EC%A7%84
2136,하후란,hahu_ran_2136,하후란,/w/하후란,https://namu.wiki/w/%ED%95%98%ED%9B%84%EB%9E%80
2142,장속,jang_sok_2142,장속,/w/장속,https://namu.wiki/w/%EC%9E%A5%EC%86%8D
2164,황화,hwang_hwa_2164,황화(삼국지),/w/황화(삼국지),https://namu.wiki/w/%ED%99%A9%ED%99%94(%EC%82%BC%EA%B5%AD%EC%A7%80)
2170,가신,ga_sin_2170,가신,/w/가신,https://namu.wiki/w/%EA%B0%80%EC%8B%A0
2174,감씨,gam_ssi_2174,감씨(삼국지),/w/감씨(삼국지),https://namu.wiki/w/%EA%B0%90%EC%94%A8(%EC%82%BC%EA%B5%AD%EC%A7%80)
2175,강단,gang_dan_2175,강단(삼국지),/w/강단(삼국지),https://namu.wiki/w/%EA%B0%95%EB%8B%A8(%EC%82%BC%EA%B5%AD%EC%A7%80)
2176,강서,gang_seo_2176,강서(삼국지),/w/강서(삼국지),https://namu.wiki/w/%EA%B0%95%EC%84%9C(%EC%82%BC%EA%B5%AD%EC%A7%80)
2180,경기,gyeong_gi_2180,경기(삼국지),/w/경기(삼국지),https://namu.wiki/w/%EA%B2%BD%EA%B8%B0(%EC%82%BC%EA%B5%AD%EC%A7%80)
2181,경무,gyeong_mu_2181,경무,/w/경무,https://namu.wiki/w/%EA%B2%BD%EB%AC%B4
2185,고번,go_beon_2185,고번,/w/고번,https://namu.wiki/w/%EA%B3%A0%EB%B2%88
2187,고소,go_so_2187,고소(삼국지),/w/고소(삼국지),https://namu.wiki/w/%EA%B3%A0%EC%86%8C(%EC%82%BC%EA%B5%AD%EC%A7%80)
2191,곡리,gok_ri_2191,곡리,/w/곡리,https://namu.wiki/w/%EA%B3%A1%EB%A6%AC
2195,공손월,gongson_wol_2195,공손월,/w/공손월,https://namu.wiki/w/%EA%B3%B5%EC%86%90%EC%9B%94
2196,공손황,gongson_hwang_2196,공손황,/w/공손황,https://namu.wiki/w/%EA%B3%B5%EC%86%90%ED%99%A9
2197,공주,gong_ju_2197,공주(삼국지),/w/공주(삼국지),https://namu.wiki/w/%EA%B3%B5%EC%A3%BC(%EC%82%BC%EA%B5%AD%EC%A7%80)
2198,공지,gong_ji_2198,공지(삼국지연의),/w/공지(삼국지연의),https://namu.wiki/w/%EA%B3%B5%EC%A7%80(%EC%82%BC%EA%B5%AD%EC%A7%80%EC%97%B0%EC%9D%98)
2200,곽마,gwak_ma_2200,곽마,/w/곽마,https://namu.wiki/w/%EA%B3%BD%EB%A7%88
2204,관구흥,gwan_guheung_2204,관구흥,/w/관구흥,https://namu.wiki/w/%EA%B4%80%EA%B5%AC%ED%9D%A5
2206,관승,gwan_seung_2206,관승(삼국지),/w/관승(삼국지),https://namu.wiki/w/%EA%B4%80%EC%8A%B9(%EC%82%BC%EA%B5%AD%EC%A7%80)
2211,구력거,gu_ryeokgeo_2211,구력거,/w/구력거,https://namu.wiki/w/%EA%B5%AC%EB%A0%A5%EA%B1%B0
2213,구부,gu_bu_2213,구부,/w/구부,https://namu.wiki/w/%EA%B5%AC%EB%B6%80
2214,구안,gu_an_2214,구안(삼국지연의),/w/구안(삼국지연의),https://namu.wiki/w/%EA%B5%AC%EC%95%88(%EC%82%BC%EA%B5%AD%EC%A7%80%EC%97%B0%EC%9D%98)
2221,내민,nae_min_2221,내민,/w/내민,https://namu.wiki/w/%EB%82%B4%EB%AF%BC
2223,노초,no_cho_2223,노초,/w/노초,https://namu.wiki/w/%EB%85%B8%EC%B4%88
2224,뇌공,noe_gong_2224,뇌공(삼국지),/w/뇌공(삼국지),https://namu.wiki/w/%EB%87%8C%EA%B3%B5(%EC%82%BC%EA%B5%AD%EC%A7%80)
2226,뇌서,noe_seo_2226,뇌서(삼국지연의),/w/뇌서(삼국지연의),https://namu.wiki/w/%EB%87%8C%EC%84%9C(%EC%82%BC%EA%B5%AD%EC%A7%80%EC%97%B0%EC%9D%98)
2228,누반,nu_ban_2228,누반,/w/누반,https://namu.wiki/w/%EB%88%84%EB%B0%98
2230,단외,dan_oe_2230,단외,/w/단외,https://namu.wiki/w/%EB%8B%A8%EC%99%B8
2232,답돈,dap_don_2232,답돈,/w/답돈,https://namu.wiki/w/%EB%8B%B5%EB%8F%88
2238,도황,do_hwang_2238,도황,/w/도황,https://namu.wiki/w/%EB%8F%84%ED%99%A9
2240,동부,dong_bu_2240,동부(삼국지),/w/동부(삼국지),https://namu.wiki/w/%EB%8F%99%EB%B6%80(%EC%82%BC%EA%B5%AD%EC%A7%80)
2244,동황,dong_hwang_2244,동황,/w/동황,https://namu.wiki/w/%EB%8F%99%ED%99%A9
2245,두경,du_gyeong_2245,두경,/w/두경,https://namu.wiki/w/%EB%91%90%EA%B2%BD
2247,두씨,du_ssi_2247,두씨(삼국지),/w/두씨(삼국지),https://namu.wiki/w/%EB%91%90%EC%94%A8(%EC%82%BC%EA%B5%AD%EC%A7%80)
2248,등룡,deung_ryong_2248,등룡,/w/등룡,https://namu.wiki/w/%EB%93%B1%EB%A3%A1
2249,등방,deung_bang_2249,등방,/w/등방,https://namu.wiki/w/%EB%93%B1%EB%B0%A9
2252,등의,deung_ui_2252,등의,/w/등의,https://namu.wiki/w/%EB%93%B1%EC%9D%98
2256,마연,ma_yeon_2256,마연,/w/마연,https://namu.wiki/w/%EB%A7%88%EC%97%B0
2257,마운록,ma_unrok_2257,마운록,/w/마운록,https://namu.wiki/w/%EB%A7%88%EC%9A%B4%EB%A1%9D
2258,마일제,ma_ilje_2258,마일제,/w/마일제,https://namu.wiki/w/%EB%A7%88%EC%9D%BC%EC%A0%9C
2259,마충,ma_chung_2259,마충(손오),/w/마충(손오),https://namu.wiki/w/%EB%A7%88%EC%B6%A9(%EC%86%90%EC%98%A4)
2262,맹건,maeng_geon_2262,맹건,/w/맹건,https://namu.wiki/w/%EB%A7%B9%EA%B1%B4
2263,문칙,mun_chik_2263,문칙,/w/문칙,https://namu.wiki/w/%EB%AC%B8%EC%B9%99
2266,반봉,ban_bong_2266,반봉,/w/반봉,https://namu.wiki/w/%EB%B0%98%EB%B4%89
2267,반준,ban_jun_2267,반준,/w/반준,https://namu.wiki/w/%EB%B0%98%EC%A4%80
2268,방림,bang_rim_2268,방림(삼국지),/w/방림(삼국지),https://namu.wiki/w/%EB%B0%A9%EB%A6%BC(%EC%82%BC%EA%B5%AD%EC%A7%80)
2269,방육,bang_yuk_2269,방육,/w/방육,https://namu.wiki/w/%EB%B0%A9%EC%9C%A1
2273,배잠,bae_jam_2273,배잠(손오),/w/배잠(손오),https://namu.wiki/w/%EB%B0%B0%EC%9E%A0(%EC%86%90%EC%98%A4)
2277,범방,beom_bang_2277,범방,/w/범방,https://namu.wiki/w/%EB%B2%94%EB%B0%A9
2279,보광,bo_gwang_2279,보광,/w/보광,https://namu.wiki/w/%EB%B3%B4%EA%B4%91
2280,보도근,bo_dogeun_2280,보도근,/w/보도근,https://namu.wiki/w/%EB%B3%B4%EB%8F%84%EA%B7%BC
2287,부영,bu_yeong_2287,부영,/w/부영,https://namu.wiki/w/%EB%B6%80%EC%98%81
2319,서상,seo_sang_2319,서상(손오),/w/서상(손오),https://namu.wiki/w/%EC%84%9C%EC%83%81(%EC%86%90%EC%98%A4)
2355,손환,son_hwan_2355,손환(손오),/w/손환(손오),https://namu.wiki/w/%EC%86%90%ED%99%98(%EC%86%90%EC%98%A4)
2386,양추,yang_chu_2386,양추(후한),/w/양추(후한),https://namu.wiki/w/%EC%96%91%EC%B6%94(%ED%9B%84%ED%95%9C)
2398,여건,yeo_geon,여건(삼국지),/w/여건(삼국지),https://namu.wiki/w/%EC%97%AC%EA%B1%B4(%EC%82%BC%EA%B5%AD%EC%A7%80)
2454,유기,yu_gi_2454,유기(삼국지),/w/유기(삼국지),https://namu.wiki/w/%EC%9C%A0%EA%B8%B0(%EC%82%BC%EA%B5%AD%EC%A7%80)
2465,유초,yu_cho_2465,유초,/w/유초,https://namu.wiki/w/%EC%9C%A0%EC%B4%88
2497,이풍,i_pung_2497,이풍(삼국지),/w/이풍(삼국지),https://namu.wiki/w/%EC%9D%B4%ED%92%8D(%EC%82%BC%EA%B5%AD%EC%A7%80)
2509,장승,jang_seung_2509,장승(조위),/w/장승(조위),https://namu.wiki/w/%EC%9E%A5%EC%8A%B9(%EC%A1%B0%EC%9C%84)
2560,조홍,jo_hong_2560,조홍,/w/조홍,https://namu.wiki/w/%EC%A1%B0%ED%99%8D
2650,허정,heo_jeong_2650,허정(삼국지),/w/허정(삼국지),https://namu.wiki/w/%ED%97%88%EC%A0%95(%EC%82%BC%EA%B5%AD%EC%A7%80)
