character_id,name_kr,character_name,confirmed,best_score,best_title,best_path,best_url,reason_flags,best_desc
10,마등,ma_teng_10,NO,-1,비정상적인 트래픽 감지,/w/마등,https://namu.wiki/w/%EB%A7%88%EB%93%B1,"title_mismatch,path_match",
11,공손찬,gongsun_zan_11,NO,-1,비정상적인 트래픽 감지,/w/공손찬,https://namu.wiki/w/%EA%B3%B5%EC%86%90%EC%B0%AC,"title_mismatch,path_match",
13,장로,zhang_lu_13,NO,-1,비정상적인 트래픽 감지,/w/장로,https://namu.wiki/w/%EC%9E%A5%EB%A1%9C,"title_mismatch,path_match",
16,한수,han_sui_16,NO,-1,비정상적인 트래픽 감지,/w/한수,https://namu.wiki/w/%ED%95%9C%EC%88%98,"title_mismatch,path_match",
19,마초,ma_chao_19,NO,-1,비정상적인 트래픽 감지,/w/마초,https://namu.wiki/w/%EB%A7%88%EC%B4%88,"title_mismatch,path_match",
21,하진,ha_jin_21,NO,-1,비정상적인 트래픽 감지,/w/하진,https://namu.wiki/w/%ED%95%98%EC%A7%84,"title_mismatch,path_match",
25,가비능,kebineng_25,NO,-1,비정상적인 트래픽 감지,/w/가비능,https://namu.wiki/w/%EA%B0%80%EB%B9%84%EB%8A%A5,"title_mismatch,path_match",
26,주창,ju_chang_26,NO,-1,비정상적인 트래픽 감지,/w/주창,https://namu.wiki/w/%EC%A3%BC%EC%B0%BD,"title_mismatch,path_match",
33,조인,cao_ren_33,NO,-1,비정상적인 트래픽 감지,/w/조인,https://namu.wiki/w/%EC%A1%B0%EC%9D%B8,"title_mismatch,path_match",
36,전위,dian_wei_36,NO,-1,비정상적인 트래픽 감지,/w/전위,https://namu.wiki/w/%EC%A0%84%EC%9C%84,"title_mismatch,path_match",
37,장료,zhang_liao_37,NO,-1,비정상적인 트래픽 감지,/w/장료,https://namu.wiki/w/%EC%9E%A5%EB%A3%8C,"title_mismatch,path_match",
41,곽가,guo_jia_41,NO,-1,비정상적인 트래픽 감지,/w/곽가,https://namu.wiki/w/%EA%B3%BD%EA%B0%80,"title_mismatch,path_match",
50,조장,jo_jang_50,NO,-1,비정상적인 트래픽 감지,/w/조장,https://namu.wiki/w/%EC%A1%B0%EC%9E%A5,"title_mismatch,path_match",
53,왕랑,wang_lang_53,NO,-1,비정상적인 트래픽 감지,/w/왕랑,https://namu.wiki/w/%EC%99%95%EB%9E%91,"title_mismatch,path_match",
58,조진,jo_jin_58,NO,-1,비정상적인 트래픽 감지,/w/조진,https://namu.wiki/w/%EC%A1%B0%EC%A7%84,"title_mismatch,path_match",
61,방덕,pang_de_61,NO,-1,비정상적인 트래픽 감지,/w/방덕,https://namu.wiki/w/%EB%B0%A9%EB%8D%95,"title_mismatch,path_match",
65,종요,jong_yo_65,NO,-1,비정상적인 트래픽 감지,/w/종요,https://namu.wiki/w/%EC%A2%85%EC%9A%94,"title_mismatch,path_match",
67,두습,du_seup_67,NO,-1,비정상적인 트래픽 감지,/w/두습,https://namu.wiki/w/%EB%91%90%EC%8A%B5,"title_mismatch,path_match",
72,유방,yu_bang_72,NO,-1,비정상적인 트래픽 감지,/w/유방,https://namu.wiki/w/%EC%9C%A0%EB%B0%A9,"title_mismatch,path_match",
73,손자,son_ja_73,NO,-1,비정상적인 트래픽 감지,/w/손자,https://namu.wiki/w/%EC%86%90%EC%9E%90,"title_mismatch,path_match",
80,방통,pang_tong_80,NO,-1,비정상적인 트래픽 감지,/w/방통,https://namu.wiki/w/%EB%B0%A9%ED%86%B5,"title_mismatch,path_match",
90,이엄,li_yan_90,NO,-1,비정상적인 트래픽 감지,/w/이엄,https://namu.wiki/w/%EC%9D%B4%EC%97%84,"title_mismatch,path_match",
92,미축,mi_chuk_92,NO,-1,비정상적인 트래픽 감지,/w/미축,https://namu.wiki/w/%EB%AF%B8%EC%B6%95,"title_mismatch,path_match",
105,오의,o_ui_105,NO,-1,비정상적인 트래픽 감지,/w/오의,https://namu.wiki/w/%EC%98%A4%EC%9D%98,"title_mismatch,path_match",
109,진밀,jin_mil_109,NO,-1,비정상적인 트래픽 감지,/w/진밀,https://namu.wiki/w/%EC%A7%84%EB%B0%80,"title_mismatch,path_match",
111,종예,jong_ye_111,NO,-1,비정상적인 트래픽 감지,/w/종예,https://namu.wiki/w/%EC%A2%85%EC%98%88,"title_mismatch,path_match",
113,풍습,pung_seup_113,NO,-1,비정상적인 트래픽 감지,/w/풍습,https://namu.wiki/w/%ED%92%8D%EC%8A%B5,"title_mismatch,path_match",
117,여몽,lu_meng_117,NO,-1,비정상적인 트래픽 감지,/w/여몽,https://namu.wiki/w/%EC%97%AC%EB%AA%BD,"title_mismatch,path_match",
122,주태,zhou_tai_122,NO,-1,비정상적인 트래픽 감지,/w/주태,https://namu.wiki/w/%EC%A3%BC%ED%83%9C,"title_mismatch,path_match",
126,정보,cheng_pu_126,NO,-1,비정상적인 트래픽 감지,/w/정보,https://namu.wiki/w/%EC%A0%95%EB%B3%B4,"title_mismatch,path_match",
133,반장,ban_jang_133,NO,-1,비정상적인 트래픽 감지,/w/반장,https://namu.wiki/w/%EB%B0%98%EC%9E%A5,"title_mismatch,path_match",
134,주연,ju_yeon_134,NO,-1,비정상적인 트래픽 감지,/w/주연,https://namu.wiki/w/%EC%A3%BC%EC%97%B0,"title_mismatch,path_match",
140,전종,jeon_jong_140,NO,-1,비정상적인 트래픽 감지,/w/전종,https://namu.wiki/w/%EC%A0%84%EC%A2%85,"title_mismatch,path_match",
146,여범,yeo_beom_146,NO,-1,비정상적인 트래픽 감지,/w/여범,https://namu.wiki/w/%EC%97%AC%EB%B2%94,"title_mismatch,path_match",
154,안량,an_ryang_154,NO,-1,비정상적인 트래픽 감지,/w/안량,https://namu.wiki/w/%EC%95%88%EB%9F%89,"title_mismatch,path_match",
155,전풍,jeon_pung_155,NO,-1,비정상적인 트래픽 감지,/w/전풍,https://namu.wiki/w/%EC%A0%84%ED%92%8D,"title_mismatch,path_match",
158,곽도,gwak_do_158,NO,-1,비정상적인 트래픽 감지,/w/곽도,https://namu.wiki/w/%EA%B3%BD%EB%8F%84,"title_mismatch,path_match",
165,채모,chae_mo_165,NO,-1,비정상적인 트래픽 감지,/w/채모,https://namu.wiki/w/%EC%B1%84%EB%AA%A8,"title_mismatch,path_match",
169,한숭,han_sung_169,NO,-1,비정상적인 트래픽 감지,/w/한숭,https://namu.wiki/w/%ED%95%9C%EC%88%AD,"title_mismatch,path_match",
175,포신,po_sin_175,NO,-1,비정상적인 트래픽 감지,/w/포신,https://namu.wiki/w/%ED%8F%AC%EC%8B%A0,"title_mismatch,path_match",
176,공융,kong_rong_176,NO,-1,비정상적인 트래픽 감지,/w/공융,https://namu.wiki/w/%EA%B3%B5%EC%9C%B5,"title_mismatch,path_match",
178,왕광,wang_gwang_178,NO,-1,비정상적인 트래픽 감지,/w/왕광,https://namu.wiki/w/%EC%99%95%EA%B4%91,"title_mismatch,path_match",
190,양봉,yang_bong_190,NO,-1,비정상적인 트래픽 감지,/w/양봉,https://namu.wiki/w/%EC%96%91%EB%B4%89,"title_mismatch,path_match",
192,이각,i_gak_192,NO,-1,비정상적인 트래픽 감지,/w/이각,https://namu.wiki/w/%EC%9D%B4%EA%B0%81,"title_mismatch,path_match",
195,화웅,hwa_ung_195,NO,-1,비정상적인 트래픽 감지,/w/화웅,https://namu.wiki/w/%ED%99%94%EC%9B%85,"title_mismatch,path_match",
198,이숙,i_suk_198,NO,-1,비정상적인 트래픽 감지,/w/이숙,https://namu.wiki/w/%EC%9D%B4%EC%88%99,"title_mismatch,path_match",
241,파재,pa_jae_241,NO,-1,비정상적인 트래픽 감지,/w/파재,https://namu.wiki/w/%ED%8C%8C%EC%9E%AC,"title_mismatch,path_match",
242,팽탈,paeng_tal_242,NO,-1,비정상적인 트래픽 감지,/w/팽탈,https://namu.wiki/w/%ED%8C%BD%ED%83%88,"title_mismatch,path_match",
243,마원의,ma_wonui_243,NO,-1,비정상적인 트래픽 감지,/w/마원의,https://namu.wiki/w/%EB%A7%88%EC%9B%90%EC%9D%98,"title_mismatch,path_match",
247,하의,ha_ui_247,NO,-1,비정상적인 트래픽 감지,/w/하의,https://namu.wiki/w/%ED%95%98%EC%9D%98,"title_mismatch,path_match",
248,한충,han_chung_248,NO,-1,비정상적인 트래픽 감지,/w/한충,https://namu.wiki/w/%ED%95%9C%EC%B6%A9,"title_mismatch,path_match",
249,손하,son_ha_249,NO,-1,비정상적인 트래픽 감지,/w/손하,https://namu.wiki/w/%EC%86%90%ED%95%98,"title_mismatch,path_match",
257,주준,zhu_jun_257,NO,-1,비정상적인 트래픽 감지,/w/주준,https://namu.wiki/w/%EC%A3%BC%EC%A4%80,"title_mismatch,path_match",
266,원진,won_jin_266,NO,-1,비정상적인 트래픽 감지,/w/원진,https://namu.wiki/w/%EC%9B%90%EC%A7%84,"title_mismatch,path_match",
267,유민,yu_min_267,NO,-1,비정상적인 트래픽 감지,/w/유민,https://namu.wiki/w/%EC%9C%A0%EB%AF%BC,"title_mismatch,path_match",
272,원재,won_jae_272,NO,-1,비정상적인 트래픽 감지,/w/원재,https://namu.wiki/w/%EC%9B%90%EC%9E%AC,"title_mismatch,path_match",
275,동우,dong_u_275,NO,-1,비정상적인 트래픽 감지,/w/동우,https://namu.wiki/w/%EB%8F%99%EC%9A%B0,"title_mismatch,path_match",
277,정평,jeong_pyeong_277,NO,-1,비정상적인 트래픽 감지,/w/정평,https://namu.wiki/w/%EC%A0%95%ED%8F%89,"title_mismatch,path_match",
278,한영,han_yeong_278,NO,-1,비정상적인 트래픽 감지,/w/한영,https://namu.wiki/w/%ED%95%9C%EC%98%81,"title_mismatch,path_match",
283,이안,i_an_283,NO,-1,비정상적인 트래픽 감지,/w/이안,https://namu.wiki/w/%EC%9D%B4%EC%95%88,"title_mismatch,path_match",
284,장원,jang_won_284,NO,-1,비정상적인 트래픽 감지,/w/장원,https://namu.wiki/w/%EC%9E%A5%EC%9B%90,"title_mismatch,path_match",
288,조영,jo_yeong_288,NO,-1,비정상적인 트래픽 감지,/w/조영,https://namu.wiki/w/%EC%A1%B0%EC%98%81,"title_mismatch,path_match",
290,왕우,wang_u_290,NO,-1,비정상적인 트래픽 감지,/w/왕우,https://namu.wiki/w/%EC%99%95%EC%9A%B0,"title_mismatch,path_match",
295,주현,ju_hyeon_295,NO,-1,비정상적인 트래픽 감지,/w/주현,https://namu.wiki/w/%EC%A3%BC%ED%98%84,"title_mismatch,path_match",
297,방영,bang_yeong_297,NO,-1,비정상적인 트래픽 감지,/w/방영,https://namu.wiki/w/%EB%B0%A9%EC%98%81,"title_mismatch,path_match",
303,손영,son_yeong_303,NO,-1,비정상적인 트래픽 감지,/w/손영,https://namu.wiki/w/%EC%86%90%EC%98%81,"title_mismatch,path_match",
304,서봉,seo_bong_304,NO,-1,비정상적인 트래픽 감지,/w/서봉,https://namu.wiki/w/%EC%84%9C%EB%B4%89,"title_mismatch,path_match",
305,원성,won_seong_305,NO,-1,비정상적인 트래픽 감지,/w/원성,https://namu.wiki/w/%EC%9B%90%EC%84%B1,"title_mismatch,path_match",
306,서강,seo_gang_306,NO,-1,비정상적인 트래픽 감지,/w/서강,https://namu.wiki/w/%EC%84%9C%EA%B0%95,"title_mismatch,path_match",
313,유영,yu_yeong_313,NO,-1,비정상적인 트래픽 감지,/w/유영,https://namu.wiki/w/%EC%9C%A0%EC%98%81,"title_mismatch,path_match",
316,팽수,paeng_su_316,NO,-1,비정상적인 트래픽 감지,/w/팽수,https://namu.wiki/w/%ED%8C%BD%EC%88%98,"title_mismatch,path_match",
321,서현,seo_hyeon_321,NO,-1,비정상적인 트래픽 감지,/w/서현,https://namu.wiki/w/%EC%84%9C%ED%98%84,"title_mismatch,path_match",
322,육명,yuk_myeong_322,NO,-1,비정상적인 트래픽 감지,/w/육명,https://namu.wiki/w/%EC%9C%A1%EB%AA%85,"title_mismatch,path_match",
323,동안,dong_an_323,NO,-1,비정상적인 트래픽 감지,/w/동안,https://namu.wiki/w/%EB%8F%99%EC%95%88,"title_mismatch,path_match",
325,조광,jo_gwang_325,NO,-1,비정상적인 트래픽 감지,/w/조광,https://namu.wiki/w/%EC%A1%B0%EA%B4%91,"title_mismatch,path_match",
331,진광,jin_gwang_331,NO,-1,비정상적인 트래픽 감지,/w/진광,https://namu.wiki/w/%EC%A7%84%EA%B4%91,"title_mismatch,path_match",
333,마우,ma_u_333,NO,-1,비정상적인 트래픽 감지,/w/마우,https://namu.wiki/w/%EB%A7%88%EC%9A%B0,"title_mismatch,path_match",
337,장우,jang_u_337,NO,-1,비정상적인 트래픽 감지,/w/장우,https://namu.wiki/w/%EC%9E%A5%EC%9A%B0,"title_mismatch,path_match",
340,팽충,paeng_chung_340,NO,-1,비정상적인 트래픽 감지,/w/팽충,https://namu.wiki/w/%ED%8C%BD%EC%B6%A9,"title_mismatch,path_match",
347,유원,yu_won_347,NO,-1,비정상적인 트래픽 감지,/w/유원,https://namu.wiki/w/%EC%9C%A0%EC%9B%90,"title_mismatch,path_match",
348,육현,yuk_hyeon_348,NO,-1,비정상적인 트래픽 감지,/w/육현,https://namu.wiki/w/%EC%9C%A1%ED%98%84,"title_mismatch,path_match",
349,팽민,paeng_min_349,NO,-1,비정상적인 트래픽 감지,/w/팽민,https://namu.wiki/w/%ED%8C%BD%EB%AF%BC,"title_mismatch,path_match",
352,진명,jin_myeong_352,NO,-1,비정상적인 트래픽 감지,/w/진명,https://namu.wiki/w/%EC%A7%84%EB%AA%85,"title_mismatch,path_match",
359,정진,jeong_jin_359,NO,-1,비정상적인 트래픽 감지,/w/정진,https://namu.wiki/w/%EC%A0%95%EC%A7%84,"title_mismatch,path_match",
361,주영,ju_yeong_361,NO,-1,비정상적인 트래픽 감지,/w/주영,https://namu.wiki/w/%EC%A3%BC%EC%98%81,"title_mismatch,path_match",
362,장명,jang_myeong_362,NO,-1,비정상적인 트래픽 감지,/w/장명,https://namu.wiki/w/%EC%9E%A5%EB%AA%85,"title_mismatch,path_match",
365,팽재,paeng_jae_365,NO,-1,비정상적인 트래픽 감지,/w/팽재,https://namu.wiki/w/%ED%8C%BD%EC%9E%AC,"title_mismatch,path_match",
370,원준,won_jun_370,NO,-1,비정상적인 트래픽 감지,/w/원준,https://namu.wiki/w/%EC%9B%90%EC%A4%80,"title_mismatch,path_match",
375,팽우,paeng_u_375,NO,-1,비정상적인 트래픽 감지,/w/팽우,https://namu.wiki/w/%ED%8C%BD%EC%9A%B0,"title_mismatch,path_match",
376,설원,seol_won_376,NO,-1,비정상적인 트래픽 감지,/w/설원,https://namu.wiki/w/%EC%84%A4%EC%9B%90,"title_mismatch,path_match",
377,육민,yuk_min_377,NO,-1,비정상적인 트래픽 감지,/w/육민,https://namu.wiki/w/%EC%9C%A1%EB%AF%BC,"title_mismatch,path_match",
380,이원,i_won_380,NO,-1,비정상적인 트래픽 감지,/w/이원,https://namu.wiki/w/%EC%9D%B4%EC%9B%90,"title_mismatch,path_match",
381,설준,seol_jun_381,NO,-1,비정상적인 트래픽 감지,/w/설준,https://namu.wiki/w/%EC%84%A4%EC%A4%80,"title_mismatch,path_match",
382,진준,jin_jun_382,NO,-1,비정상적인 트래픽 감지,/w/진준,https://namu.wiki/w/%EC%A7%84%EC%A4%80,"title_mismatch,path_match",
388,조덕,jo_deok_388,NO,-1,비정상적인 트래픽 감지,/w/조덕,https://namu.wiki/w/%EC%A1%B0%EB%8D%95,"title_mismatch,path_match",
392,조수,jo_su_392,NO,-1,비정상적인 트래픽 감지,/w/조수,https://namu.wiki/w/%EC%A1%B0%EC%88%98,"title_mismatch,path_match",
395,황현,hwang_hyeon_395,NO,-1,비정상적인 트래픽 감지,/w/황현,https://namu.wiki/w/%ED%99%A9%ED%98%84,"title_mismatch,path_match",
396,원평,won_pyeong_396,NO,-1,비정상적인 트래픽 감지,/w/원평,https://namu.wiki/w/%EC%9B%90%ED%8F%89,"title_mismatch,path_match",
398,유준,yu_jun_398,NO,-1,비정상적인 트래픽 감지,/w/유준,https://namu.wiki/w/%EC%9C%A0%EC%A4%80,"title_mismatch,path_match",
401,진진,jin_jin_401,NO,-1,비정상적인 트래픽 감지,/w/진진,https://namu.wiki/w/%EC%A7%84%EC%A7%84,"title_mismatch,path_match",
404,원수,won_su_404,NO,-1,비정상적인 트래픽 감지,/w/원수,https://namu.wiki/w/%EC%9B%90%EC%88%98,"title_mismatch,path_match",
407,이호,i_ho_407,NO,-1,비정상적인 트래픽 감지,/w/이호,https://namu.wiki/w/%EC%9D%B4%ED%98%B8,"title_mismatch,path_match",
408,이수,i_su_408,NO,-1,비정상적인 트래픽 감지,/w/이수,https://namu.wiki/w/%EC%9D%B4%EC%88%98,"title_mismatch,path_match",
410,조우,jo_u_410,NO,-1,비정상적인 트래픽 감지,/w/조우,https://namu.wiki/w/%EC%A1%B0%EC%9A%B0,"title_mismatch,path_match",
411,황재,hwang_jae_411,NO,-1,비정상적인 트래픽 감지,/w/황재,https://namu.wiki/w/%ED%99%A9%EC%9E%AC,"title_mismatch,path_match",
412,마수,ma_su_412,NO,-1,비정상적인 트래픽 감지,/w/마수,https://namu.wiki/w/%EB%A7%88%EC%88%98,"title_mismatch,path_match",
413,정안,jeong_an_413,NO,-1,비정상적인 트래픽 감지,/w/정안,https://namu.wiki/w/%EC%A0%95%EC%95%88,"title_mismatch,path_match",
416,이영,i_yeong_416,NO,-1,비정상적인 트래픽 감지,/w/이영,https://namu.wiki/w/%EC%9D%B4%EC%98%81,"title_mismatch,path_match",
422,이준,i_jun_422,NO,-1,비정상적인 트래픽 감지,/w/이준,https://namu.wiki/w/%EC%9D%B4%EC%A4%80,"title_mismatch,path_match",
426,한원,han_won_426,NO,-1,비정상적인 트래픽 감지,/w/한원,https://namu.wiki/w/%ED%95%9C%EC%9B%90,"title_mismatch,path_match",
428,주충,ju_chung_428,NO,-1,비정상적인 트래픽 감지,/w/주충,https://namu.wiki/w/%EC%A3%BC%EC%B6%A9,"title_mismatch,path_match",
429,유호,yu_ho_429,NO,-1,비정상적인 트래픽 감지,/w/유호,https://namu.wiki/w/%EC%9C%A0%ED%98%B8,"title_mismatch,path_match",
430,손덕,son_deok_430,NO,-1,비정상적인 트래픽 감지,/w/손덕,https://namu.wiki/w/%EC%86%90%EB%8D%95,"title_mismatch,path_match",
431,정충,jeong_chung_431,NO,-1,비정상적인 트래픽 감지,/w/정충,https://namu.wiki/w/%EC%A0%95%EC%B6%A9,"title_mismatch,path_match",
432,동명,dong_myeong_432,NO,-1,비정상적인 트래픽 감지,/w/동명,https://namu.wiki/w/%EB%8F%99%EB%AA%85,"title_mismatch,path_match",
433,오원,o_won_433,NO,-1,비정상적인 트래픽 감지,/w/오원,https://namu.wiki/w/%EC%98%A4%EC%9B%90,"title_mismatch,path_match",
437,동현,dong_hyeon_437,NO,-1,비정상적인 트래픽 감지,/w/동현,https://namu.wiki/w/%EB%8F%99%ED%98%84,"title_mismatch,path_match",
438,마민,ma_min_438,NO,-1,비정상적인 트래픽 감지,/w/마민,https://namu.wiki/w/%EB%A7%88%EB%AF%BC,"title_mismatch,path_match",
440,원안,won_an_440,NO,-1,비정상적인 트래픽 감지,/w/원안,https://namu.wiki/w/%EC%9B%90%EC%95%88,"title_mismatch,path_match",
445,의라왕,uira_445,NO,-1,비정상적인 트래픽 감지,/w/의라왕,https://namu.wiki/w/%EC%9D%98%EB%9D%BC%EC%99%95,"title_mismatch,path_match",
446,부여중,bu_yeojung_446,NO,-1,비정상적인 트래픽 감지,/w/부여중,https://namu.wiki/w/%EB%B6%80%EC%97%AC%EC%A4%91,"title_mismatch,path_match",
518,악침,ak_chim_518,NO,-1,비정상적인 트래픽 감지,/w/악침,https://namu.wiki/w/%EC%95%85%EC%B9%A8,"title_mismatch,path_match",
519,한호,han_ho_519,NO,-1,비정상적인 트래픽 감지,/w/한호,https://namu.wiki/w/%ED%95%9C%ED%98%B8,"title_mismatch,path_match",
526,매성,mae_seong_526,NO,-1,비정상적인 트래픽 감지,/w/매성,https://namu.wiki/w/%EB%A7%A4%EC%84%B1,"title_mismatch,path_match",
536,마의,ma_ui_536,NO,-1,비정상적인 트래픽 감지,/w/마의,https://namu.wiki/w/%EB%A7%88%EC%9D%98,"title_mismatch,path_match",
539,위관,wi_gwan_539,NO,-1,비정상적인 트래픽 감지,/w/위관,https://namu.wiki/w/%EC%9C%84%EA%B4%80,"title_mismatch,path_match",
542,왕갑,wang_gap_542,NO,-1,비정상적인 트래픽 감지,/w/왕갑,https://namu.wiki/w/%EC%99%95%EA%B0%91,"title_mismatch,path_match",
543,왕필,wang_pil_543,NO,-1,비정상적인 트래픽 감지,/w/왕필,https://namu.wiki/w/%EC%99%95%ED%95%84,"title_mismatch,path_match",
544,왕기,wang_gi_544,NO,-1,비정상적인 트래픽 감지,/w/왕기,https://namu.wiki/w/%EC%99%95%EA%B8%B0,"title_mismatch,path_match",
546,왕릉,wang_reung_546,NO,-1,비정상적인 트래픽 감지,/w/왕릉,https://namu.wiki/w/%EC%99%95%EB%A6%89,"title_mismatch,path_match",
547,왕숙,wang_suk_547,NO,-1,비정상적인 트래픽 감지,/w/왕숙,https://namu.wiki/w/%EC%99%95%EC%88%99,"title_mismatch,path_match",
569,사섭,sa_seop_569,NO,-1,비정상적인 트래픽 감지,/w/사섭,https://namu.wiki/w/%EC%82%AC%EC%84%AD,"title_mismatch,path_match",
578,하제,ha_je_578,NO,-1,비정상적인 트래픽 감지,/w/하제,https://namu.wiki/w/%ED%95%98%EC%A0%9C,"title_mismatch,path_match",
581,진표,jin_pyo_581,NO,-1,비정상적인 트래픽 감지,/w/진표,https://namu.wiki/w/%EC%A7%84%ED%91%9C,"title_mismatch,path_match",
582,손소,son_so_582,NO,-1,비정상적인 트래픽 감지,/w/손소,https://namu.wiki/w/%EC%86%90%EC%86%8C,"title_mismatch,path_match",
587,손노,son_no_587,NO,-1,비정상적인 트래픽 감지,/w/손노,https://namu.wiki/w/%EC%86%90%EB%85%B8,"title_mismatch,path_match",
592,한소,han_so_592,NO,-1,비정상적인 트래픽 감지,/w/한소,https://namu.wiki/w/%ED%95%9C%EC%86%8C,"title_mismatch,path_match",
593,주이,ju_i_593,NO,-1,비정상적인 트래픽 감지,/w/주이,https://namu.wiki/w/%EC%A3%BC%EC%9D%B4,"title_mismatch,path_match",
595,오찬,o_chan_595,NO,-1,비정상적인 트래픽 감지,/w/오찬,https://namu.wiki/w/%EC%98%A4%EC%B0%AC,"title_mismatch,path_match",
597,여대,yeo_dae_597,NO,-1,비정상적인 트래픽 감지,/w/여대,https://namu.wiki/w/%EC%97%AC%EB%8C%80,"title_mismatch,path_match",
609,호진,ho_jin_609,NO,-1,비정상적인 트래픽 감지,/w/호진,https://namu.wiki/w/%ED%98%B8%EC%A7%84,"title_mismatch,path_match",
613,유리,yu_ri_613,NO,-1,비정상적인 트래픽 감지,/w/유리,https://namu.wiki/w/%EC%9C%A0%EB%A6%AC,"title_mismatch,path_match",
614,유경,yu_gyeong_614,NO,-1,비정상적인 트래픽 감지,/w/유경,https://namu.wiki/w/%EC%9C%A0%EA%B2%BD,"title_mismatch,path_match",
615,유혁,yu_hyeok_615,NO,-1,비정상적인 트래픽 감지,/w/유혁,https://namu.wiki/w/%EC%9C%A0%ED%98%81,"title_mismatch,path_match",
617,유이,yu_i_617,NO,-1,비정상적인 트래픽 감지,/w/유이,https://namu.wiki/w/%EC%9C%A0%EC%9D%B4,"title_mismatch,path_match",
619,유근,yu_geun_619,NO,-1,비정상적인 트래픽 감지,/w/유근,https://namu.wiki/w/%EC%9C%A0%EA%B7%BC,"title_mismatch,path_match",
625,장소,jang_so_625,NO,-1,비정상적인 트래픽 감지,/w/장소,https://namu.wiki/w/%EC%9E%A5%EC%86%8C,"title_mismatch,path_match",
629,진충,jin_chung_629,NO,-1,비정상적인 트래픽 감지,/w/진충,https://namu.wiki/w/%EC%A7%84%EC%B6%A9,"title_mismatch,path_match",
632,교유,gyo_yu_632,NO,-1,비정상적인 트래픽 감지,/w/교유,https://namu.wiki/w/%EA%B5%90%EC%9C%A0,"title_mismatch,path_match",
633,교주,gyo_ju_633,NO,-1,비정상적인 트래픽 감지,/w/교주,https://namu.wiki/w/%EA%B5%90%EC%A3%BC,"title_mismatch,path_match",
644,왕욱,wang_uk_644,NO,-1,비정상적인 트래픽 감지,/w/왕욱,https://namu.wiki/w/%EC%99%95%EC%9A%B1,"title_mismatch,path_match",
645,왕악,wang_ak_645,NO,-1,비정상적인 트래픽 감지,/w/왕악,https://namu.wiki/w/%EC%99%95%EC%95%85,"title_mismatch,path_match",
646,왕보,wang_bo_646,NO,-1,비정상적인 트래픽 감지,/w/왕보,https://namu.wiki/w/%EC%99%95%EB%B3%B4,"title_mismatch,path_match",
648,왕량,wang_ryang_648,NO,-1,비정상적인 트래픽 감지,/w/왕량,https://namu.wiki/w/%EC%99%95%EB%9F%89,"title_mismatch,path_match",
649,왕상,wang_sang_649,NO,-1,비정상적인 트래픽 감지,/w/왕상,https://namu.wiki/w/%EC%99%95%EC%83%81,"title_mismatch,path_match",
663,원희,won_hui_663,NO,-1,비정상적인 트래픽 감지,/w/원희,https://namu.wiki/w/%EC%9B%90%ED%9D%AC,"title_mismatch,path_match",
666,원매,won_mae_666,NO,-1,비정상적인 트래픽 감지,/w/원매,https://namu.wiki/w/%EC%9B%90%EB%A7%A4,"title_mismatch,path_match",
667,원항,won_hang_667,NO,-1,비정상적인 트래픽 감지,/w/원항,https://namu.wiki/w/%EC%9B%90%ED%95%AD,"title_mismatch,path_match",
668,원유,won_yu_668,NO,-1,비정상적인 트래픽 감지,/w/원유,https://namu.wiki/w/%EC%9B%90%EC%9C%A0,"title_mismatch,path_match",
679,관구의,gwan_guui_679,NO,-1,비정상적인 트래픽 감지,/w/관구의,https://namu.wiki/w/%EA%B4%80%EA%B5%AC%EC%9D%98,"title_mismatch,path_match",
691,교공,gyo_gong_691,NO,-1,비정상적인 트래픽 감지,/w/교공,https://namu.wiki/w/%EA%B5%90%EA%B3%B5,"title_mismatch,path_match",
697,봉선,bong_seon_697,NO,-1,비정상적인 트래픽 감지,/w/봉선,https://namu.wiki/w/%EB%B4%89%EC%84%A0,"title_mismatch,path_match",
699,축융부인,chuk_yungbuin_699,NO,-1,비정상적인 트래픽 감지,/w/축융부인,https://namu.wiki/w/%EC%B6%95%EC%9C%B5%EB%B6%80%EC%9D%B8,"title_mismatch,path_match",
700,동백,dong_baek_700,NO,-1,비정상적인 트래픽 감지,/w/동백,https://namu.wiki/w/%EB%8F%99%EB%B0%B1,"title_mismatch,path_match",
701,동귀,dong_gwi_701,NO,-1,비정상적인 트래픽 감지,/w/동귀,https://namu.wiki/w/%EB%8F%99%EA%B7%80,"title_mismatch,path_match",
703,오반,o_ban_703,NO,-1,비정상적인 트래픽 감지,/w/오반,https://namu.wiki/w/%EC%98%A4%EB%B0%98,"title_mismatch,path_match",
704,오란,o_ran_704,NO,-1,비정상적인 트래픽 감지,/w/오란,https://namu.wiki/w/%EC%98%A4%EB%9E%80,"title_mismatch,path_match",
709,정문,jeong_mun_709,NO,-1,비정상적인 트래픽 감지,/w/정문,https://namu.wiki/w/%EC%A0%95%EB%AC%B8,"title_mismatch,path_match",
711,이헌,i_heon_711,NO,-1,비정상적인 트래픽 감지,/w/이헌,https://namu.wiki/w/%EC%9D%B4%ED%97%8C,"title_mismatch,path_match",
712,이격,i_gyeok_712,NO,-1,비정상적인 트래픽 감지,/w/이격,https://namu.wiki/w/%EC%9D%B4%EA%B2%A9,"title_mismatch,path_match",
713,이서,i_seo_713,NO,-1,비정상적인 트래픽 감지,/w/이서,https://namu.wiki/w/%EC%9D%B4%EC%84%9C,"title_mismatch,path_match",
715,안민,an_min_715,NO,-1,비정상적인 트래픽 감지,/w/안민,https://namu.wiki/w/%EC%95%88%EB%AF%BC,"title_mismatch,path_match",
724,왕련,wang_ryeon_724,NO,-1,비정상적인 트래픽 감지,/w/왕련,https://namu.wiki/w/%EC%99%95%EB%A0%A8,"title_mismatch,path_match",
726,왕도,wang_do_726,NO,-1,비정상적인 트래픽 감지,/w/왕도,https://namu.wiki/w/%EC%99%95%EB%8F%84,"title_mismatch,path_match",
727,왕경,wang_gyeong_727,NO,-1,비정상적인 트래픽 감지,/w/왕경,https://namu.wiki/w/%EC%99%95%EA%B2%BD,"title_mismatch,path_match",
733,조방,jo_bang_733,NO,-1,비정상적인 트래픽 감지,/w/조방,https://namu.wiki/w/%EC%A1%B0%EB%B0%A9,"title_mismatch,path_match",
734,조모,jo_mo_734,NO,-1,비정상적인 트래픽 감지,/w/조모,https://namu.wiki/w/%EC%A1%B0%EB%AA%A8,"title_mismatch,path_match",
742,변양,byeon_yang_742,NO,-1,비정상적인 트래픽 감지,/w/변양,https://namu.wiki/w/%EB%B3%80%EC%96%91,"title_mismatch,path_match",
756,손번,son_beon_756,NO,-1,비정상적인 트래픽 감지,/w/손번,https://namu.wiki/w/%EC%86%90%EB%B2%88,"title_mismatch,path_match",
767,이복,i_bok_767,NO,-1,비정상적인 트래픽 감지,/w/이복,https://namu.wiki/w/%EC%9D%B4%EB%B3%B5,"title_mismatch,path_match",
769,방열,bang_yeol_769,NO,-1,비정상적인 트래픽 감지,/w/방열,https://namu.wiki/w/%EB%B0%A9%EC%97%B4,"title_mismatch,path_match",
770,진식,jin_sik_770,NO,-1,비정상적인 트래픽 감지,/w/진식,https://namu.wiki/w/%EC%A7%84%EC%8B%9D,"title_mismatch,path_match",
771,진태,jin_tae_771,NO,-1,비정상적인 트래픽 감지,/w/진태,https://namu.wiki/w/%EC%A7%84%ED%83%9C,"title_mismatch,path_match",
772,우금,yu_jin_772,NO,-1,비정상적인 트래픽 감지,/w/우금,https://namu.wiki/w/%EC%9A%B0%EA%B8%88,"title_mismatch,path_match",
773,우선,u_seon_773,NO,-1,비정상적인 트래픽 감지,/w/우선,https://namu.wiki/w/%EC%9A%B0%EC%84%A0,"title_mismatch,path_match",
774,장달,jang_dal_774,NO,-1,비정상적인 트래픽 감지,/w/장달,https://namu.wiki/w/%EC%9E%A5%EB%8B%AC,"title_mismatch,path_match",
779,포충,po_chung_779,NO,-1,비정상적인 트래픽 감지,/w/포충,https://namu.wiki/w/%ED%8F%AC%EC%B6%A9,"title_mismatch,path_match",
780,한현,han_hyeon_780,NO,-1,비정상적인 트래픽 감지,/w/한현,https://namu.wiki/w/%ED%95%9C%ED%98%84,"title_mismatch,path_match",
783,한적,han_jeok_783,NO,-1,비정상적인 트래픽 감지,/w/한적,https://namu.wiki/w/%ED%95%9C%EC%A0%81,"title_mismatch,path_match",
784,한준,han_jun_784,NO,-1,비정상적인 트래픽 감지,/w/한준,https://namu.wiki/w/%ED%95%9C%EC%A4%80,"title_mismatch,path_match",
787,양원,yang_won_787,NO,-1,비정상적인 트래픽 감지,/w/양원,https://namu.wiki/w/%EC%96%91%EC%9B%90,"title_mismatch,path_match",
794,저현,jeo_hyeon_794,NO,-1,비정상적인 트래픽 감지,/w/저현,https://namu.wiki/w/%EC%A0%80%ED%98%84,"title_mismatch,path_match",
795,제갈첨,jegal_cheom_795,NO,-1,비정상적인 트래픽 감지,/w/제갈첨,https://namu.wiki/w/%EC%A0%9C%EA%B0%88%EC%B2%A8,"title_mismatch,path_match",
798,동원,dong_won_798,NO,-1,비정상적인 트래픽 감지,/w/동원,https://namu.wiki/w/%EB%8F%99%EC%9B%90,"title_mismatch,path_match",
803,종육,jong_yuk_803,NO,-1,비정상적인 트래픽 감지,/w/종육,https://namu.wiki/w/%EC%A2%85%EC%9C%A1,"title_mismatch,path_match",
804,호준,ho_jun_804,NO,-1,비정상적인 트래픽 감지,/w/호준,https://namu.wiki/w/%ED%98%B8%EC%A4%80,"title_mismatch,path_match",
805,호열,ho_yeol_805,NO,-1,비정상적인 트래픽 감지,/w/호열,https://namu.wiki/w/%ED%98%B8%EC%97%B4,"title_mismatch,path_match",
806,호소,ho_so_806,NO,-1,비정상적인 트래픽 감지,/w/호소,https://namu.wiki/w/%ED%98%B8%EC%86%8C,"title_mismatch,path_match",
809,왕권,wang_gwon_809,NO,-1,비정상적인 트래픽 감지,/w/왕권,https://namu.wiki/w/%EC%99%95%EA%B6%8C,"title_mismatch,path_match",
810,맹광,maeng_gwang_810,NO,-1,비정상적인 트래픽 감지,/w/맹광,https://namu.wiki/w/%EB%A7%B9%EA%B4%91,"title_mismatch,path_match",
814,장숙,jang_suk_814,NO,-1,비정상적인 트래픽 감지,/w/장숙,https://namu.wiki/w/%EC%9E%A5%EC%88%99,"title_mismatch,path_match",
815,장한,jang_han_815,NO,-1,비정상적인 트래픽 감지,/w/장한,https://namu.wiki/w/%EC%9E%A5%ED%95%9C,"title_mismatch,path_match",
817,이등,i_deung_817,NO,-1,비정상적인 트래픽 감지,/w/이등,https://namu.wiki/w/%EC%9D%B4%EB%93%B1,"title_mismatch,path_match",
820,유엄,yu_eom_820,NO,-1,비정상적인 트래픽 감지,/w/유엄,https://namu.wiki/w/%EC%9C%A0%EC%97%84,"title_mismatch,path_match",
821,유범,yu_beom_821,NO,-1,비정상적인 트래픽 감지,/w/유범,https://namu.wiki/w/%EC%9C%A0%EB%B2%94,"title_mismatch,path_match",
824,왕수,wang_su_824,NO,-1,비정상적인 트래픽 감지,/w/왕수,https://namu.wiki/w/%EC%99%95%EC%88%98,"title_mismatch,path_match",
826,왕륭,wang_ryung_826,NO,-1,비정상적인 트래픽 감지,/w/왕륭,https://namu.wiki/w/%EC%99%95%EB%A5%AD,"title_mismatch,path_match",
827,왕해,wang_hae_827,NO,-1,비정상적인 트래픽 감지,/w/왕해,https://namu.wiki/w/%EC%99%95%ED%95%B4,"title_mismatch,path_match",
829,진봉,jin_bong_829,NO,-1,비정상적인 트래픽 감지,/w/진봉,https://namu.wiki/w/%EC%A7%84%EB%B4%89,"title_mismatch,path_match",
830,정봉,jeong_bong_830,NO,-1,비정상적인 트래픽 감지,/w/정봉,https://namu.wiki/w/%EC%A0%95%EB%B4%89,"title_mismatch,path_match",
831,정침,jeong_chim_831,NO,-1,비정상적인 트래픽 감지,/w/정침,https://namu.wiki/w/%EC%A0%95%EC%B9%A8,"title_mismatch,path_match",
833,부열,bu_yeol_833,NO,-1,비정상적인 트래픽 감지,/w/부열,https://namu.wiki/w/%EB%B6%80%EC%97%B4,"title_mismatch,path_match",
835,한창,han_chang_835,NO,-1,비정상적인 트래픽 감지,/w/한창,https://namu.wiki/w/%ED%95%9C%EC%B0%BD,"title_mismatch,path_match",
836,한명,han_myeong_836,NO,-1,비정상적인 트래픽 감지,/w/한명,https://namu.wiki/w/%ED%95%9C%EB%AA%85,"title_mismatch,path_match",
838,문박,mun_bak_838,NO,-1,비정상적인 트래픽 감지,/w/문박,https://namu.wiki/w/%EB%AC%B8%EB%B0%95,"title_mismatch,path_match",
846,진혈,jin_hyeol_846,NO,-1,비정상적인 트래픽 감지,/w/진혈,https://namu.wiki/w/%EC%A7%84%ED%98%88,"title_mismatch,path_match",
850,임순,im_sun_850,NO,-1,비정상적인 트래픽 감지,/w/임순,https://namu.wiki/w/%EC%9E%84%EC%88%9C,"title_mismatch,path_match",
851,임저,im_jeo_851,NO,-1,비정상적인 트래픽 감지,/w/임저,https://namu.wiki/w/%EC%9E%84%EC%A0%80,"title_mismatch,path_match",
853,양침,yang_chim_853,NO,-1,비정상적인 트래픽 감지,/w/양침,https://namu.wiki/w/%EC%96%91%EC%B9%A8,"title_mismatch,path_match",
854,상총,sang_chong_854,NO,-1,비정상적인 트래픽 감지,/w/상총,https://namu.wiki/w/%EC%83%81%EC%B4%9D,"title_mismatch,path_match",
855,상관,sang_gwan_855,NO,-1,비정상적인 트래픽 감지,/w/상관,https://namu.wiki/w/%EC%83%81%EA%B4%80,"title_mismatch,path_match",
858,아단,a_dan_858,NO,-1,비정상적인 트래픽 감지,/w/아단,https://namu.wiki/w/%EC%95%84%EB%8B%A8,"title_mismatch,path_match",
862,육경,yuk_gyeong_862,NO,-1,비정상적인 트래픽 감지,/w/육경,https://namu.wiki/w/%EC%9C%A1%EA%B2%BD,"title_mismatch,path_match",
864,주전,ju_jeon_864,NO,-1,비정상적인 트래픽 감지,/w/주전,https://namu.wiki/w/%EC%A3%BC%EC%A0%84,"title_mismatch,path_match",
865,주질,ju_jil_865,NO,-1,비정상적인 트래픽 감지,/w/주질,https://namu.wiki/w/%EC%A3%BC%EC%A7%88,"title_mismatch,path_match",
866,손한,son_han_866,NO,-1,비정상적인 트래픽 감지,/w/손한,https://namu.wiki/w/%EC%86%90%ED%95%9C,"title_mismatch,path_match",
867,손열,son_yeol_867,NO,-1,비정상적인 트래픽 감지,/w/손열,https://namu.wiki/w/%EC%86%90%EC%97%B4,"title_mismatch,path_match",
870,하후영,hahu_yeong_870,NO,-1,비정상적인 트래픽 감지,/w/하후영,https://namu.wiki/w/%ED%95%98%ED%9B%84%EC%98%81,"title_mismatch,path_match",
871,하후성,hahu_seong_871,NO,-1,비정상적인 트래픽 감지,/w/하후성,https://namu.wiki/w/%ED%95%98%ED%9B%84%EC%84%B1,"title_mismatch,path_match",
872,하후칭,hahu_ching_872,NO,-1,비정상적인 트래픽 감지,/w/하후칭,https://namu.wiki/w/%ED%95%98%ED%9B%84%EC%B9%AD,"title_mismatch,path_match",
873,하후절,hahu_jeol_873,NO,-1,비정상적인 트래픽 감지,/w/하후절,https://namu.wiki/w/%ED%95%98%ED%9B%84%EC%A0%88,"title_mismatch,path_match",
874,학준,hak_jun_874,NO,-1,비정상적인 트래픽 감지,/w/학준,https://namu.wiki/w/%ED%95%99%EC%A4%80,"title_mismatch,path_match",
875,호정,ho_jeong_875,NO,-1,비정상적인 트래픽 감지,/w/호정,https://namu.wiki/w/%ED%98%B8%EC%A0%95,"title_mismatch,path_match",
884,왕포,wang_po_884,NO,-1,비정상적인 트래픽 감지,/w/왕포,https://namu.wiki/w/%EC%99%95%ED%8F%AC,"title_mismatch,path_match",
885,왕육,wang_yuk_885,NO,-1,비정상적인 트래픽 감지,/w/왕육,https://namu.wiki/w/%EC%99%95%EC%9C%A1,"title_mismatch,path_match",
887,고평,go_pyeong_887,NO,-1,비정상적인 트래픽 감지,/w/고평,https://namu.wiki/w/%EA%B3%A0%ED%8F%89,"title_mismatch,path_match",
890,하혼,ha_hon_890,NO,-1,비정상적인 트래픽 감지,/w/하혼,https://namu.wiki/w/%ED%95%98%ED%98%BC,"title_mismatch,path_match",
891,하안,ha_an_891,NO,-1,비정상적인 트래픽 감지,/w/하안,https://namu.wiki/w/%ED%95%98%EC%95%88,"title_mismatch,path_match",
892,조착,jo_chak_892,NO,-1,비정상적인 트래픽 감지,/w/조착,https://namu.wiki/w/%EC%A1%B0%EC%B0%A9,"title_mismatch,path_match",
897,곽옹,gwak_ong_897,NO,-1,비정상적인 트래픽 감지,/w/곽옹,https://namu.wiki/w/%EA%B3%BD%EC%98%B9,"title_mismatch,path_match",
901,장존,jang_jon_901,NO,-1,비정상적인 트래픽 감지,/w/장존,https://namu.wiki/w/%EC%9E%A5%EC%A1%B4,"title_mismatch,path_match",
902,성박,seong_bak_902,NO,-1,비정상적인 트래픽 감지,/w/성박,https://namu.wiki/w/%EC%84%B1%EB%B0%95,"title_mismatch,path_match",
903,성제,seong_je_903,NO,-1,비정상적인 트래픽 감지,/w/성제,https://namu.wiki/w/%EC%84%B1%EC%A0%9C,"title_mismatch,path_match",
905,습진,seup_jin_905,NO,-1,비정상적인 트래픽 감지,/w/습진,https://namu.wiki/w/%EC%8A%B5%EC%A7%84,"title_mismatch,path_match",
906,위강,wi_gang_906,NO,-1,비정상적인 트래픽 감지,/w/위강,https://namu.wiki/w/%EC%9C%84%EA%B0%95,"title_mismatch,path_match",
907,위경,wi_gyeong_907,NO,-1,비정상적인 트래픽 감지,/w/위경,https://namu.wiki/w/%EC%9C%84%EA%B2%BD,"title_mismatch,path_match",
908,전예,jeon_ye_908,NO,-1,비정상적인 트래픽 감지,/w/전예,https://namu.wiki/w/%EC%A0%84%EC%98%88,"title_mismatch,path_match",
910,임준,im_jun_910,NO,-1,비정상적인 트래픽 감지,/w/임준,https://namu.wiki/w/%EC%9E%84%EC%A4%80,"title_mismatch,path_match",
917,서모,seo_mo_917,NO,-1,비정상적인 트래픽 감지,/w/서모,https://namu.wiki/w/%EC%84%9C%EB%AA%A8,"title_mismatch,path_match",
919,부간,bu_gan_919,NO,-1,비정상적인 트래픽 감지,/w/부간,https://namu.wiki/w/%EB%B6%80%EA%B0%84,"title_mismatch,path_match",
921,장천,jang_cheon_921,NO,-1,비정상적인 트래픽 감지,/w/장천,https://namu.wiki/w/%EC%9E%A5%EC%B2%9C,"title_mismatch,path_match",
924,왕찰,wang_chal_924,NO,-1,비정상적인 트래픽 감지,/w/왕찰,https://namu.wiki/w/%EC%99%95%EC%B0%B0,"title_mismatch,path_match",
933,호질,ho_jil_933,NO,-1,비정상적인 트래픽 감지,/w/호질,https://namu.wiki/w/%ED%98%B8%EC%A7%88,"title_mismatch,path_match",
943,봉상,bong_sang_943,NO,-1,비정상적인 트래픽 감지,/w/봉상,https://namu.wiki/w/%EB%B4%89%EC%83%81,"title_mismatch,path_match",
946,유연,yu_yeon_946,NO,-1,비정상적인 트래픽 감지,/w/유연,https://namu.wiki/w/%EC%9C%A0%EC%97%B0,"title_mismatch,path_match",
947,오언,o_eon_947,NO,-1,비정상적인 트래픽 감지,/w/오언,https://namu.wiki/w/%EC%98%A4%EC%96%B8,"title_mismatch,path_match",
953,석감,seok_gam_953,NO,-1,비정상적인 트래픽 감지,/w/석감,https://namu.wiki/w/%EC%84%9D%EA%B0%90,"title_mismatch,path_match",
955,육운,yuk_un_955,NO,-1,비정상적인 트래픽 감지,/w/육운,https://namu.wiki/w/%EC%9C%A1%EC%9A%B4,"title_mismatch,path_match",
963,호충,ho_chung_963,NO,-1,비정상적인 트래픽 감지,/w/호충,https://namu.wiki/w/%ED%98%B8%EC%B6%A9,"title_mismatch,path_match",
968,제갈탄,jegal_tan_968,NO,-1,비정상적인 트래픽 감지,/w/제갈탄,https://namu.wiki/w/%EC%A0%9C%EA%B0%88%ED%83%84,"title_mismatch,path_match",
971,손기진,son_gijin_971,NO,-1,비정상적인 트래픽 감지,/w/손기진,https://namu.wiki/w/%EC%86%90%EA%B8%B0%EC%A7%84,"title_mismatch,path_match",
976,염엄란,yeom_eomran_976,NO,-1,비정상적인 트래픽 감지,/w/염엄란,https://namu.wiki/w/%EC%97%BC%EC%97%84%EB%9E%80,"title_mismatch,path_match",
978,노운,no_un_978,NO,-1,비정상적인 트래픽 감지,/w/노운,https://namu.wiki/w/%EB%85%B8%EC%9A%B4,"title_mismatch,path_match",
979,유강,yu_gang_979,NO,-1,비정상적인 트래픽 감지,/w/유강,https://namu.wiki/w/%EC%9C%A0%EA%B0%95,"title_mismatch,path_match",
980,위평창,wi_pyeongchang_980,NO,-1,비정상적인 트래픽 감지,/w/위평창,https://namu.wiki/w/%EC%9C%84%ED%8F%89%EC%B0%BD,"title_mismatch,path_match",
981,이속,i_sok_981,NO,-1,비정상적인 트래픽 감지,/w/이속,https://namu.wiki/w/%EC%9D%B4%EC%86%8D,"title_mismatch,path_match",
987,오호표,o_hopyo_987,NO,-1,비정상적인 트래픽 감지,/w/오호표,https://namu.wiki/w/%EC%98%A4%ED%98%B8%ED%91%9C,"title_mismatch,path_match",
988,최등,choe_deung_988,NO,-1,비정상적인 트래픽 감지,/w/최등,https://namu.wiki/w/%EC%B5%9C%EB%93%B1,"title_mismatch,path_match",
989,오화,o_hwa_989,NO,-1,비정상적인 트래픽 감지,/w/오화,https://namu.wiki/w/%EC%98%A4%ED%99%94,"title_mismatch,path_match",
992,안준,an_jun_992,NO,-1,비정상적인 트래픽 감지,/w/안준,https://namu.wiki/w/%EC%95%88%EC%A4%80,"title_mismatch,path_match",
994,한정,han_jeong_994,NO,-1,비정상적인 트래픽 감지,/w/한정,https://namu.wiki/w/%ED%95%9C%EC%A0%95,"title_mismatch,path_match",
997,허등지,heo_deungji_997,NO,-1,비정상적인 트래픽 감지,/w/허등지,https://namu.wiki/w/%ED%97%88%EB%93%B1%EC%A7%80,"title_mismatch,path_match",
998,제갈준,jegal_jun_998,NO,-1,비정상적인 트래픽 감지,/w/제갈준,https://namu.wiki/w/%EC%A0%9C%EA%B0%88%EC%A4%80,"title_mismatch,path_match",
999,송지엄,song_jieom_999,NO,-1,비정상적인 트래픽 감지,/w/송지엄,https://namu.wiki/w/%EC%86%A1%EC%A7%80%EC%97%84,"title_mismatch,path_match",
1011,범진,beom_jin_1011,NO,-1,비정상적인 트래픽 감지,/w/범진,https://namu.wiki/w/%EB%B2%94%EC%A7%84,"title_mismatch,path_match",
1012,변익,byeon_ik_1012,NO,-1,비정상적인 트래픽 감지,/w/변익,https://namu.wiki/w/%EB%B3%80%EC%9D%B5,"title_mismatch,path_match",
1015,유동,yu_dong_1015,NO,-1,비정상적인 트래픽 감지,/w/유동,https://namu.wiki/w/%EC%9C%A0%EB%8F%99,"title_mismatch,path_match",
1018,진동,jin_dong_1018,NO,-1,비정상적인 트래픽 감지,/w/진동,https://namu.wiki/w/%EC%A7%84%EB%8F%99,"title_mismatch,path_match",
1105,호화,ho_hwa_1105,NO,-1,비정상적인 트래픽 감지,/w/호화,https://namu.wiki/w/%ED%98%B8%ED%99%94,"title_mismatch,path_match",
1107,범강,beom_gang_1107,NO,-1,비정상적인 트래픽 감지,/w/범강,https://namu.wiki/w/%EB%B2%94%EA%B0%95,"title_mismatch,path_match",
1108,범성,beom_seong_1108,NO,-1,비정상적인 트래픽 감지,/w/범성,https://namu.wiki/w/%EB%B2%94%EC%84%B1,"title_mismatch,path_match",
1110,범충,beom_chung_1110,NO,-1,비정상적인 트래픽 감지,/w/범충,https://namu.wiki/w/%EB%B2%94%EC%B6%A9,"title_mismatch,path_match",
1114,정무,jeong_mu_1114,NO,-1,비정상적인 트래픽 감지,/w/정무,https://namu.wiki/w/%EC%A0%95%EB%AC%B4,"title_mismatch,path_match",
1115,정태,jeong_tae_1115,NO,-1,비정상적인 트래픽 감지,/w/정태,https://namu.wiki/w/%EC%A0%95%ED%83%9C,"title_mismatch,path_match",
1118,변홍,byeon_hong_1118,NO,-1,비정상적인 트래픽 감지,/w/변홍,https://namu.wiki/w/%EB%B3%80%ED%99%8D,"title_mismatch,path_match",
1119,변장,byeon_jang_1119,NO,-1,비정상적인 트래픽 감지,/w/변장,https://namu.wiki/w/%EB%B3%80%EC%9E%A5,"title_mismatch,path_match",
1121,조절,jo_jeol_1121,NO,-1,비정상적인 트래픽 감지,/w/조절,https://namu.wiki/w/%EC%A1%B0%EC%A0%88,"title_mismatch,path_match",
1123,조숭,jo_sung_1123,NO,-1,비정상적인 트래픽 감지,/w/조숭,https://namu.wiki/w/%EC%A1%B0%EC%88%AD,"title_mismatch,path_match",
1128,왕렬,wang_ryeol_1128,NO,-1,비정상적인 트래픽 감지,/w/왕렬,https://namu.wiki/w/%EC%99%95%EB%A0%AC,"title_mismatch,path_match",
1137,주표,ju_pyo_1137,NO,-1,비정상적인 트래픽 감지,/w/주표,https://namu.wiki/w/%EC%A3%BC%ED%91%9C,"title_mismatch,path_match",
1139,섭배,seop_bae_1139,NO,-1,비정상적인 트래픽 감지,/w/섭배,https://namu.wiki/w/%EC%84%AD%EB%B0%B0,"title_mismatch,path_match",
1140,섭헌,seop_heon_1140,NO,-1,비정상적인 트래픽 감지,/w/섭헌,https://namu.wiki/w/%EC%84%AD%ED%97%8C,"title_mismatch,path_match",
1147,왕조,wang_jo_1147,NO,-1,비정상적인 트래픽 감지,/w/왕조,https://namu.wiki/w/%EC%99%95%EC%A1%B0,"title_mismatch,path_match",
1150,유옹,yu_ong_1150,NO,-1,비정상적인 트래픽 감지,/w/유옹,https://namu.wiki/w/%EC%9C%A0%EC%98%B9,"title_mismatch,path_match",
1155,이명,i_myeong_1155,NO,-1,비정상적인 트래픽 감지,/w/이명,https://namu.wiki/w/%EC%9D%B4%EB%AA%85,"title_mismatch,path_match",
1156,이로,i_ro_1156,NO,-1,비정상적인 트래픽 감지,/w/이로,https://namu.wiki/w/%EC%9D%B4%EB%A1%9C,"title_mismatch,path_match",
1178,곽숭,gwak_sung_1178,NO,-1,비정상적인 트래픽 감지,/w/곽숭,https://namu.wiki/w/%EA%B3%BD%EC%88%AD,"title_mismatch,path_match",
1179,곽분,gwak_bun_1179,NO,-1,비정상적인 트래픽 감지,/w/곽분,https://namu.wiki/w/%EA%B3%BD%EB%B6%84,"title_mismatch,path_match",
1184,노육,no_yuk_1184,NO,-1,비정상적인 트래픽 감지,/w/노육,https://namu.wiki/w/%EB%85%B8%EC%9C%A1,"title_mismatch,path_match",
1185,노손,no_son_1185,NO,-1,비정상적인 트래픽 감지,/w/노손,https://namu.wiki/w/%EB%85%B8%EC%86%90,"title_mismatch,path_match",
1188,노범,no_beom_1188,NO,-1,비정상적인 트래픽 감지,/w/노범,https://namu.wiki/w/%EB%85%B8%EB%B2%94,"title_mismatch,path_match",
2000,강강진,gang_gangjin_2000,NO,-1,비정상적인 트래픽 감지,/w/강강진,https://namu.wiki/w/%EA%B0%95%EA%B0%95%EC%A7%84,"title_mismatch,path_match",
2001,하후운,hahu_un_2001,NO,-1,비정상적인 트래픽 감지,/w/하후운,https://namu.wiki/w/%ED%95%98%ED%9B%84%EC%9A%B4,"title_mismatch,path_match",
2002,사공빈,sagong_bin_2002,NO,-1,비정상적인 트래픽 감지,/w/사공빈,https://namu.wiki/w/%EC%82%AC%EA%B3%B5%EB%B9%88,"title_mismatch,path_match",
2003,임빈앙,im_binang_2003,NO,-1,비정상적인 트래픽 감지,/w/임빈앙,https://namu.wiki/w/%EC%9E%84%EB%B9%88%EC%95%99,"title_mismatch,path_match",
2006,주경,ju_gyeong_2006,NO,-1,비정상적인 트래픽 감지,/w/주경,https://namu.wiki/w/%EC%A3%BC%EA%B2%BD,"title_mismatch,path_match",
2007,사마란,sama_ran_2007,NO,-1,비정상적인 트래픽 감지,/w/사마란,https://namu.wiki/w/%EC%82%AC%EB%A7%88%EB%9E%80,"title_mismatch,path_match",
2010,사마권,sama_gwon_2010,NO,-1,비정상적인 트래픽 감지,/w/사마권,https://namu.wiki/w/%EC%82%AC%EB%A7%88%EA%B6%8C,"title_mismatch,path_match",
2011,제갈무,jegal_mu_2011,NO,-1,비정상적인 트래픽 감지,/w/제갈무,https://namu.wiki/w/%EC%A0%9C%EA%B0%88%EB%AC%B4,"title_mismatch,path_match",
2012,박호,bak_ho_2012,NO,-1,비정상적인 트래픽 감지,/w/박호,https://namu.wiki/w/%EB%B0%95%ED%98%B8,"title_mismatch,path_match",
2013,곽철전,gwak_cheoljeon_2013,NO,-1,비정상적인 트래픽 감지,/w/곽철전,https://namu.wiki/w/%EA%B3%BD%EC%B2%A0%EC%A0%84,"title_mismatch,path_match",
2016,방표,bang_pyo_2016,NO,-1,비정상적인 트래픽 감지,/w/방표,https://namu.wiki/w/%EB%B0%A9%ED%91%9C,"title_mismatch,path_match",
2017,정도,jeong_do_2017,NO,-1,비정상적인 트래픽 감지,/w/정도,https://namu.wiki/w/%EC%A0%95%EB%8F%84,"title_mismatch,path_match",
2018,사마순건,sama_sungeon_2018,NO,-1,비정상적인 트래픽 감지,/w/사마순건,https://namu.wiki/w/%EC%82%AC%EB%A7%88%EC%88%9C%EA%B1%B4,"title_mismatch,path_match",
2019,허우,heo_u_2019,NO,-1,비정상적인 트래픽 감지,/w/허우,https://namu.wiki/w/%ED%97%88%EC%9A%B0,"title_mismatch,path_match",
2022,문창,mun_chang_2022,NO,-1,비정상적인 트래픽 감지,/w/문창,https://namu.wiki/w/%EB%AC%B8%EC%B0%BD,"title_mismatch,path_match",
2025,사마섭,sama_seop_2025,NO,-1,비정상적인 트래픽 감지,/w/사마섭,https://namu.wiki/w/%EC%82%AC%EB%A7%88%EC%84%AD,"title_mismatch,path_match",
2026,동방덕,dong_bangdeok_2026,NO,-1,비정상적인 트래픽 감지,/w/동방덕,https://namu.wiki/w/%EB%8F%99%EB%B0%A9%EB%8D%95,"title_mismatch,path_match",
2029,염준,yeom_jun_2029,NO,-1,비정상적인 트래픽 감지,/w/염준,https://namu.wiki/w/%EC%97%BC%EC%A4%80,"title_mismatch,path_match",
2030,제갈태,jegal_tae_2030,NO,-1,비정상적인 트래픽 감지,/w/제갈태,https://namu.wiki/w/%EC%A0%9C%EA%B0%88%ED%83%9C,"title_mismatch,path_match",
2031,위앙해,wi_anghae_2031,NO,-1,비정상적인 트래픽 감지,/w/위앙해,https://namu.wiki/w/%EC%9C%84%EC%95%99%ED%95%B4,"title_mismatch,path_match",
2033,양도등,yang_dodeung_2033,NO,-1,비정상적인 트래픽 감지,/w/양도등,https://namu.wiki/w/%EC%96%91%EB%8F%84%EB%93%B1,"title_mismatch,path_match",
2034,전궁신,jeon_gungsin_2034,NO,-1,비정상적인 트래픽 감지,/w/전궁신,https://namu.wiki/w/%EC%A0%84%EA%B6%81%EC%8B%A0,"title_mismatch,path_match",
2035,임지,im_ji_2035,NO,-1,비정상적인 트래픽 감지,/w/임지,https://namu.wiki/w/%EC%9E%84%EC%A7%80,"title_mismatch,path_match",
2037,사마위기,sama_wigi_2037,NO,-1,비정상적인 트래픽 감지,/w/사마위기,https://namu.wiki/w/%EC%82%AC%EB%A7%88%EC%9C%84%EA%B8%B0,"title_mismatch,path_match",
2038,전섭,jeon_seop_2038,NO,-1,비정상적인 트래픽 감지,/w/전섭,https://namu.wiki/w/%EC%A0%84%EC%84%AD,"title_mismatch,path_match",
2039,전수,jeon_su_2039,NO,-1,비정상적인 트래픽 감지,/w/전수,https://namu.wiki/w/%EC%A0%84%EC%88%98,"title_mismatch,path_match",
2043,두앙,du_ang_2043,NO,-1,비정상적인 트래픽 감지,/w/두앙,https://namu.wiki/w/%EB%91%90%EC%95%99,"title_mismatch,path_match",
2044,손섭,son_seop_2044,NO,-1,비정상적인 트래픽 감지,/w/손섭,https://namu.wiki/w/%EC%86%90%EC%84%AD,"title_mismatch,path_match",
2045,두신,du_sin_2045,NO,-1,비정상적인 트래픽 감지,/w/두신,https://namu.wiki/w/%EB%91%90%EC%8B%A0,"title_mismatch,path_match",
2047,곽화,gwak_hwa_2047,NO,-1,비정상적인 트래픽 감지,/w/곽화,https://namu.wiki/w/%EA%B3%BD%ED%99%94,"title_mismatch,path_match",
2048,풍용,pung_yong_2048,NO,-1,비정상적인 트래픽 감지,/w/풍용,https://namu.wiki/w/%ED%92%8D%EC%9A%A9,"title_mismatch,path_match",
2049,황호경,hwang_hogyeong_2049,NO,-1,비정상적인 트래픽 감지,/w/황호경,https://namu.wiki/w/%ED%99%A9%ED%98%B8%EA%B2%BD,"title_mismatch,path_match",
2050,진경강,jin_gyeonggang_2050,NO,-1,비정상적인 트래픽 감지,/w/진경강,https://namu.wiki/w/%EC%A7%84%EA%B2%BD%EA%B0%95,"title_mismatch,path_match",
2051,방휴랑,bang_hyurang_2051,NO,-1,비정상적인 트래픽 감지,/w/방휴랑,https://namu.wiki/w/%EB%B0%A9%ED%9C%B4%EB%9E%91,"title_mismatch,path_match",
2052,풍궁,pung_gung_2052,NO,-1,비정상적인 트래픽 감지,/w/풍궁,https://namu.wiki/w/%ED%92%8D%EA%B6%81,"title_mismatch,path_match",
2054,갈충,gal_chung_2054,NO,-1,비정상적인 트래픽 감지,/w/갈충,https://namu.wiki/w/%EA%B0%88%EC%B6%A9,"title_mismatch,path_match",
2058,당희,dang_hui_2058,NO,-1,비정상적인 트래픽 감지,/w/당희,https://namu.wiki/w/%EB%8B%B9%ED%9D%AC,"title_mismatch,path_match",
2059,백영,baek_yeong_2059,NO,-1,비정상적인 트래픽 감지,/w/백영,https://namu.wiki/w/%EB%B0%B1%EC%98%81,"title_mismatch,path_match",
2060,송건용,song_geonyong_2060,NO,-1,비정상적인 트래픽 감지,/w/송건용,https://namu.wiki/w/%EC%86%A1%EA%B1%B4%EC%9A%A9,"title_mismatch,path_match",
2062,하후휴,hahu_hyu_2062,NO,-1,비정상적인 트래픽 감지,/w/하후휴,https://namu.wiki/w/%ED%95%98%ED%9B%84%ED%9C%B4,"title_mismatch,path_match",
2063,안건,an_geon_2063,NO,-1,비정상적인 트래픽 감지,/w/안건,https://namu.wiki/w/%EC%95%88%EA%B1%B4,"title_mismatch,path_match",
2067,문표준,mun_pyojun_2067,NO,-1,비정상적인 트래픽 감지,/w/문표준,https://namu.wiki/w/%EB%AC%B8%ED%91%9C%EC%A4%80,"title_mismatch,path_match",
2068,노욱,no_uk_2068,NO,-1,비정상적인 트래픽 감지,/w/노욱,https://namu.wiki/w/%EB%85%B8%EC%9A%B1,"title_mismatch,path_match",
2069,유성,yu_seong_2069,NO,-1,비정상적인 트래픽 감지,/w/유성,https://namu.wiki/w/%EC%9C%A0%EC%84%B1,"title_mismatch,path_match",
2079,조지건,jo_jigeon_2079,NO,-1,비정상적인 트래픽 감지,/w/조지건,https://namu.wiki/w/%EC%A1%B0%EC%A7%80%EA%B1%B4,"title_mismatch,path_match",
2080,서민,seo_min_2080,NO,-1,비정상적인 트래픽 감지,/w/서민,https://namu.wiki/w/%EC%84%9C%EB%AF%BC,"title_mismatch,path_match",
2081,진전,jin_jeon_2081,NO,-1,비정상적인 트래픽 감지,/w/진전,https://namu.wiki/w/%EC%A7%84%EC%A0%84,"title_mismatch,path_match",
2083,유희민,yu_huimin_2083,NO,-1,비정상적인 트래픽 감지,/w/유희민,https://namu.wiki/w/%EC%9C%A0%ED%9D%AC%EB%AF%BC,"title_mismatch,path_match",
2084,왕휴,wang_hyu_2084,NO,-1,비정상적인 트래픽 감지,/w/왕휴,https://namu.wiki/w/%EC%99%95%ED%9C%B4,"title_mismatch,path_match",
2086,서철,seo_cheol_2086,NO,-1,비정상적인 트래픽 감지,/w/서철,https://namu.wiki/w/%EC%84%9C%EC%B2%A0,"title_mismatch,path_match",
2087,서욱휴,seo_ukhyu_2087,NO,-1,비정상적인 트래픽 감지,/w/서욱휴,https://namu.wiki/w/%EC%84%9C%EC%9A%B1%ED%9C%B4,"title_mismatch,path_match",
2089,유수,yu_su_2089,NO,-1,비정상적인 트래픽 감지,/w/유수,https://namu.wiki/w/%EC%9C%A0%EC%88%98,"title_mismatch,path_match",
2092,두립영,du_ripyeong_2092,NO,-1,비정상적인 트래픽 감지,/w/두립영,https://namu.wiki/w/%EB%91%90%EB%A6%BD%EC%98%81,"title_mismatch,path_match",
2096,황순,hwang_sun_2096,NO,-1,비정상적인 트래픽 감지,/w/황순,https://namu.wiki/w/%ED%99%A9%EC%88%9C,"title_mismatch,path_match",
2100,육호,yuk_ho_2100,NO,-1,비정상적인 트래픽 감지,/w/육호,https://namu.wiki/w/%EC%9C%A1%ED%98%B8,"title_mismatch,path_match",
2102,제갈해평,jegal_haepyeong_2102,NO,-1,비정상적인 트래픽 감지,/w/제갈해평,https://namu.wiki/w/%EC%A0%9C%EA%B0%88%ED%95%B4%ED%8F%89,"title_mismatch,path_match",
2103,최기,choe_gi_2103,NO,-1,비정상적인 트래픽 감지,/w/최기,https://namu.wiki/w/%EC%B5%9C%EA%B8%B0,"title_mismatch,path_match",
2106,장희,jang_hui_2106,NO,-1,비정상적인 트래픽 감지,/w/장희,https://namu.wiki/w/%EC%9E%A5%ED%9D%AC,"title_mismatch,path_match",
2108,제갈섭,jegal_seop_2108,NO,-1,비정상적인 트래픽 감지,/w/제갈섭,https://namu.wiki/w/%EC%A0%9C%EA%B0%88%EC%84%AD,"title_mismatch,path_match",
2109,염랑,yeom_rang_2109,NO,-1,비정상적인 트래픽 감지,/w/염랑,https://namu.wiki/w/%EC%97%BC%EB%9E%91,"title_mismatch,path_match",
2111,사마택,sama_taek_2111,NO,-1,비정상적인 트래픽 감지,/w/사마택,https://namu.wiki/w/%EC%82%AC%EB%A7%88%ED%83%9D,"title_mismatch,path_match",
2112,초랑,cho_rang_2112,NO,-1,비정상적인 트래픽 감지,/w/초랑,https://namu.wiki/w/%EC%B4%88%EB%9E%91,"title_mismatch,path_match",
2113,위엄,wi_eom_2113,NO,-1,비정상적인 트래픽 감지,/w/위엄,https://namu.wiki/w/%EC%9C%84%EC%97%84,"title_mismatch,path_match",
2114,손앙순,son_angsun_2114,NO,-1,비정상적인 트래픽 감지,/w/손앙순,https://namu.wiki/w/%EC%86%90%EC%95%99%EC%88%9C,"title_mismatch,path_match",
2117,임광,im_gwang_2117,NO,-1,비정상적인 트래픽 감지,/w/임광,https://namu.wiki/w/%EC%9E%84%EA%B4%91,"title_mismatch,path_match",
2119,사마침,sama_chim_2119,NO,-1,비정상적인 트래픽 감지,/w/사마침,https://namu.wiki/w/%EC%82%AC%EB%A7%88%EC%B9%A8,"title_mismatch,path_match",
2120,왕진봉,wang_jinbong_2120,NO,-1,비정상적인 트래픽 감지,/w/왕진봉,https://namu.wiki/w/%EC%99%95%EC%A7%84%EB%B4%89,"title_mismatch,path_match",
2122,제갈위진,jegal_wijin_2122,NO,-1,비정상적인 트래픽 감지,/w/제갈위진,https://namu.wiki/w/%EC%A0%9C%EA%B0%88%EC%9C%84%EC%A7%84,"title_mismatch,path_match",
2125,사마위,sama_wi_2125,NO,-1,비정상적인 트래픽 감지,/w/사마위,https://namu.wiki/w/%EC%82%AC%EB%A7%88%EC%9C%84,"title_mismatch,path_match",
2127,사마진,sama_jin_2127,NO,-1,비정상적인 트래픽 감지,/w/사마진,https://namu.wiki/w/%EC%82%AC%EB%A7%88%EC%A7%84,"title_mismatch,path_match",
2128,노지,no_ji_2128,NO,-1,비정상적인 트래픽 감지,/w/노지,https://namu.wiki/w/%EB%85%B8%EC%A7%80,"title_mismatch,path_match",
2131,육립,yuk_rip_2131,NO,-1,비정상적인 트래픽 감지,/w/육립,https://namu.wiki/w/%EC%9C%A1%EB%A6%BD,"title_mismatch,path_match",
2136,하후란,hahu_ran_2136,NO,-1,비정상적인 트래픽 감지,/w/하후란,https://namu.wiki/w/%ED%95%98%ED%9B%84%EB%9E%80,"title_mismatch,path_match",
2139,마건,ma_geon_2139,NO,-1,비정상적인 트래픽 감지,/w/마건,https://namu.wiki/w/%EB%A7%88%EA%B1%B4,"title_mismatch,path_match",
2140,허앙란,heo_angran_2140,NO,-1,비정상적인 트래픽 감지,/w/허앙란,https://namu.wiki/w/%ED%97%88%EC%95%99%EB%9E%80,"title_mismatch,path_match",
2142,장속,jang_sok_2142,NO,-1,비정상적인 트래픽 감지,/w/장속,https://namu.wiki/w/%EC%9E%A5%EC%86%8D,"title_mismatch,path_match",
2144,사마립,sama_rip_2144,NO,-1,비정상적인 트래픽 감지,/w/사마립,https://namu.wiki/w/%EC%82%AC%EB%A7%88%EB%A6%BD,"title_mismatch,path_match",
2147,갈웅,gal_ung_2147,NO,-1,비정상적인 트래픽 감지,/w/갈웅,https://namu.wiki/w/%EA%B0%88%EC%9B%85,"title_mismatch,path_match",
2149,백경,baek_gyeong_2149,NO,-1,비정상적인 트래픽 감지,/w/백경,https://namu.wiki/w/%EB%B0%B1%EA%B2%BD,"title_mismatch,path_match",
2150,사마신,sama_sin_2150,NO,-1,비정상적인 트래픽 감지,/w/사마신,https://namu.wiki/w/%EC%82%AC%EB%A7%88%EC%8B%A0,"title_mismatch,path_match",
2152,하후수,hahu_su_2152,NO,-1,비정상적인 트래픽 감지,/w/하후수,https://namu.wiki/w/%ED%95%98%ED%9B%84%EC%88%98,"title_mismatch,path_match",
2153,하후우,hahu_u_2153,NO,-1,비정상적인 트래픽 감지,/w/하후우,https://namu.wiki/w/%ED%95%98%ED%9B%84%EC%9A%B0,"title_mismatch,path_match",
2156,여명등,yeo_myeongdeung_2156,NO,-1,비정상적인 트래픽 감지,/w/여명등,https://namu.wiki/w/%EC%97%AC%EB%AA%85%EB%93%B1,"title_mismatch,path_match",
2157,사마광,sama_gwang_2157,NO,-1,비정상적인 트래픽 감지,/w/사마광,https://namu.wiki/w/%EC%82%AC%EB%A7%88%EA%B4%91,"title_mismatch,path_match",
2158,제갈용,jegal_yong_2158,NO,-1,비정상적인 트래픽 감지,/w/제갈용,https://namu.wiki/w/%EC%A0%9C%EA%B0%88%EC%9A%A9,"title_mismatch,path_match",
2162,손앙,son_ang_2162,NO,-1,비정상적인 트래픽 감지,/w/손앙,https://namu.wiki/w/%EC%86%90%EC%95%99,"title_mismatch,path_match",
2164,황화,hwang_hwa_2164,NO,-1,비정상적인 트래픽 감지,/w/황화,https://namu.wiki/w/%ED%99%A9%ED%99%94,"title_mismatch,path_match",
2170,가신,ga_sin_2170,NO,-1,비정상적인 트래픽 감지,/w/가신,https://namu.wiki/w/%EA%B0%80%EC%8B%A0,"title_mismatch,path_match",
2172,감단순,gam_dansun_2172,NO,-1,비정상적인 트래픽 감지,/w/감단순,https://namu.wiki/w/%EA%B0%90%EB%8B%A8%EC%88%9C,"title_mismatch,path_match",
2173,감령,gam_ryeong_2173,NO,-1,비정상적인 트래픽 감지,/w/감령,https://namu.wiki/w/%EA%B0%90%EB%A0%B9,"title_mismatch,path_match",
2174,감씨,gam_ssi_2174,NO,-1,비정상적인 트래픽 감지,/w/감씨,https://namu.wiki/w/%EA%B0%90%EC%94%A8,"title_mismatch,path_match",
2175,강단,gang_dan_2175,NO,-1,비정상적인 트래픽 감지,/w/강단,https://namu.wiki/w/%EA%B0%95%EB%8B%A8,"title_mismatch,path_match",
2176,강서,gang_seo_2176,NO,-1,비정상적인 트래픽 감지,/w/강서,https://namu.wiki/w/%EA%B0%95%EC%84%9C,"title_mismatch,path_match",
2180,경기,gyeong_gi_2180,NO,-1,비정상적인 트래픽 감지,/w/경기,https://namu.wiki/w/%EA%B2%BD%EA%B8%B0,"title_mismatch,path_match",
2181,경무,gyeong_mu_2181,NO,-1,비정상적인 트래픽 감지,/w/경무,https://namu.wiki/w/%EA%B2%BD%EB%AC%B4,"title_mismatch,path_match",
2185,고번,go_beon_2185,NO,-1,비정상적인 트래픽 감지,/w/고번,https://namu.wiki/w/%EA%B3%A0%EB%B2%88,"title_mismatch,path_match",
2187,고소,go_so_2187,NO,-1,비정상적인 트래픽 감지,/w/고소,https://namu.wiki/w/%EA%B3%A0%EC%86%8C,"title_mismatch,path_match",
2191,곡리,gok_ri_2191,NO,-1,비정상적인 트래픽 감지,/w/곡리,https://namu.wiki/w/%EA%B3%A1%EB%A6%AC,"title_mismatch,path_match",
2195,공손월,gongson_wol_2195,NO,-1,비정상적인 트래픽 감지,/w/공손월,https://namu.wiki/w/%EA%B3%B5%EC%86%90%EC%9B%94,"title_mismatch,path_match",
2196,공손황,gongson_hwang_2196,NO,-1,비정상적인 트래픽 감지,/w/공손황,https://namu.wiki/w/%EA%B3%B5%EC%86%90%ED%99%A9,"title_mismatch,path_match",
2197,공주,gong_ju_2197,NO,-1,비정상적인 트래픽 감지,/w/공주,https://namu.wiki/w/%EA%B3%B5%EC%A3%BC,"title_mismatch,path_match",
2198,공지,gong_ji_2198,NO,-1,비정상적인 트래픽 감지,/w/공지,https://namu.wiki/w/%EA%B3%B5%EC%A7%80,"title_mismatch,path_match",
2199,곽녀왕,gwak_nyeowang_2199,NO,-1,비정상적인 트래픽 감지,/w/곽녀왕,https://namu.wiki/w/%EA%B3%BD%EB%85%80%EC%99%95,"title_mismatch,path_match",
2200,곽마,gwak_ma_2200,NO,-1,비정상적인 트래픽 감지,/w/곽마,https://namu.wiki/w/%EA%B3%BD%EB%A7%88,"title_mismatch,path_match",
2204,관구흥,gwan_guheung_2204,NO,-1,비정상적인 트래픽 감지,/w/관구흥,https://namu.wiki/w/%EA%B4%80%EA%B5%AC%ED%9D%A5,"title_mismatch,path_match",
2205,관순,gwan_sun_2205,NO,-1,비정상적인 트래픽 감지,/w/관순,https://namu.wiki/w/%EA%B4%80%EC%88%9C,"title_mismatch,path_match",
2206,관승,gwan_seung_2206,NO,-1,비정상적인 트래픽 감지,/w/관승,https://namu.wiki/w/%EA%B4%80%EC%8A%B9,"title_mismatch,path_match",
2207,관은병,gwan_eunbyeong_2207,NO,-1,비정상적인 트래픽 감지,/w/관은병,https://namu.wiki/w/%EA%B4%80%EC%9D%80%EB%B3%91,"title_mismatch,path_match",
2211,구력거,gu_ryeokgeo_2211,NO,-1,비정상적인 트래픽 감지,/w/구력거,https://namu.wiki/w/%EA%B5%AC%EB%A0%A5%EA%B1%B0,"title_mismatch,path_match",
2213,구부,gu_bu_2213,NO,-1,비정상적인 트래픽 감지,/w/구부,https://namu.wiki/w/%EA%B5%AC%EB%B6%80,"title_mismatch,path_match",
2214,구안,gu_an_2214,NO,-1,비정상적인 트래픽 감지,/w/구안,https://namu.wiki/w/%EA%B5%AC%EC%95%88,"title_mismatch,path_match",
2221,내민,nae_min_2221,NO,-1,비정상적인 트래픽 감지,/w/내민,https://namu.wiki/w/%EB%82%B4%EB%AF%BC,"title_mismatch,path_match",
2223,노초,no_cho_2223,NO,-1,비정상적인 트래픽 감지,/w/노초,https://namu.wiki/w/%EB%85%B8%EC%B4%88,"title_mismatch,path_match",
2224,뇌공,noe_gong_2224,NO,-1,비정상적인 트래픽 감지,/w/뇌공,https://namu.wiki/w/%EB%87%8C%EA%B3%B5,"title_mismatch,path_match",
2226,뇌서,noe_seo_2226,NO,-1,비정상적인 트래픽 감지,/w/뇌서,https://namu.wiki/w/%EB%87%8C%EC%84%9C,"title_mismatch,path_match",
2228,누반,nu_ban_2228,NO,-1,비정상적인 트래픽 감지,/w/누반,https://namu.wiki/w/%EB%88%84%EB%B0%98,"title_mismatch,path_match",
2230,단외,dan_oe_2230,NO,-1,비정상적인 트래픽 감지,/w/단외,https://namu.wiki/w/%EB%8B%A8%EC%99%B8,"title_mismatch,path_match",
2232,답돈,dap_don_2232,NO,-1,비정상적인 트래픽 감지,/w/답돈,https://namu.wiki/w/%EB%8B%B5%EB%8F%88,"title_mismatch,path_match",
2238,도황,do_hwang_2238,NO,-1,비정상적인 트래픽 감지,/w/도황,https://namu.wiki/w/%EB%8F%84%ED%99%A9,"title_mismatch,path_match",
2240,동부,dong_bu_2240,NO,-1,비정상적인 트래픽 감지,/w/동부,https://namu.wiki/w/%EB%8F%99%EB%B6%80,"title_mismatch,path_match",
2244,동황,dong_hwang_2244,NO,-1,비정상적인 트래픽 감지,/w/동황,https://namu.wiki/w/%EB%8F%99%ED%99%A9,"title_mismatch,path_match",
2245,두경,du_gyeong_2245,NO,-1,비정상적인 트래픽 감지,/w/두경,https://namu.wiki/w/%EB%91%90%EA%B2%BD,"title_mismatch,path_match",
2247,두씨,du_ssi_2247,NO,-1,비정상적인 트래픽 감지,/w/두씨,https://namu.wiki/w/%EB%91%90%EC%94%A8,"title_mismatch,path_match",
2248,등룡,deung_ryong_2248,NO,-1,비정상적인 트래픽 감지,/w/등룡,https://namu.wiki/w/%EB%93%B1%EB%A3%A1,"title_mismatch,path_match",
2249,등방,deung_bang_2249,NO,-1,비정상적인 트래픽 감지,/w/등방,https://namu.wiki/w/%EB%93%B1%EB%B0%A9,"title_mismatch,path_match",
2252,등의,deung_ui_2252,NO,-1,비정상적인 트래픽 감지,/w/등의,https://namu.wiki/w/%EB%93%B1%EC%9D%98,"title_mismatch,path_match",
2254,마륭,ma_ryung_2254,NO,-1,비정상적인 트래픽 감지,/w/마륭,https://namu.wiki/w/%EB%A7%88%EB%A5%AD,"title_mismatch,path_match",
2256,마연,ma_yeon_2256,NO,-1,비정상적인 트래픽 감지,/w/마연,https://namu.wiki/w/%EB%A7%88%EC%97%B0,"title_mismatch,path_match",
2257,마운록,ma_unrok_2257,NO,-1,비정상적인 트래픽 감지,/w/마운록,https://namu.wiki/w/%EB%A7%88%EC%9A%B4%EB%A1%9D,"title_mismatch,path_match",
2258,마일제,ma_ilje_2258,NO,-1,비정상적인 트래픽 감지,/w/마일제,https://namu.wiki/w/%EB%A7%88%EC%9D%BC%EC%A0%9C,"title_mismatch,path_match",
2259,마충,ma_chung_2259,NO,-1,비정상적인 트래픽 감지,/w/마충,https://namu.wiki/w/%EB%A7%88%EC%B6%A9,"title_mismatch,path_match",
2262,맹건,maeng_geon_2262,NO,-1,비정상적인 트래픽 감지,/w/맹건,https://namu.wiki/w/%EB%A7%B9%EA%B1%B4,"title_mismatch,path_match",
2263,문칙,mun_chik_2263,NO,-1,비정상적인 트래픽 감지,/w/문칙,https://namu.wiki/w/%EB%AC%B8%EC%B9%99,"title_mismatch,path_match",
2265,미씨,mi_ssi_2265,NO,-1,비정상적인 트래픽 감지,/w/미씨,https://namu.wiki/w/%EB%AF%B8%EC%94%A8,"title_mismatch,path_match",
2266,반봉,ban_bong_2266,NO,-1,비정상적인 트래픽 감지,/w/반봉,https://namu.wiki/w/%EB%B0%98%EB%B4%89,"title_mismatch,path_match",
2267,반준,ban_jun_2267,NO,-1,비정상적인 트래픽 감지,/w/반준,https://namu.wiki/w/%EB%B0%98%EC%A4%80,"title_mismatch,path_match",
2268,방림,bang_rim_2268,NO,-1,비정상적인 트래픽 감지,/w/방림,https://namu.wiki/w/%EB%B0%A9%EB%A6%BC,"title_mismatch,path_match",
2269,방육,bang_yuk_2269,NO,-1,비정상적인 트래픽 감지,/w/방육,https://namu.wiki/w/%EB%B0%A9%EC%9C%A1,"title_mismatch,path_match",
2273,배잠,bae_jam_2273,NO,-1,비정상적인 트래픽 감지,/w/배잠,https://namu.wiki/w/%EB%B0%B0%EC%9E%A0,"title_mismatch,path_match",
2277,범방,beom_bang_2277,NO,-1,비정상적인 트래픽 감지,/w/범방,https://namu.wiki/w/%EB%B2%94%EB%B0%A9,"title_mismatch,path_match",
2279,보광,bo_gwang_2279,NO,-1,비정상적인 트래픽 감지,/w/보광,https://namu.wiki/w/%EB%B3%B4%EA%B4%91,"title_mismatch,path_match",
2280,보도근,bo_dogeun_2280,NO,-1,비정상적인 트래픽 감지,/w/보도근,https://namu.wiki/w/%EB%B3%B4%EB%8F%84%EA%B7%BC,"title_mismatch,path_match",
2286,부연,bu_yeon_2286,NO,-1,비정상적인 트래픽 감지,/w/부연,https://namu.wiki/w/%EB%B6%80%EC%97%B0,"title_mismatch,path_match",
2287,부영,bu_yeong_2287,NO,-1,비정상적인 트래픽 감지,/w/부영,https://namu.wiki/w/%EB%B6%80%EC%98%81,"title_mismatch,path_match",
2288,부의,bu_ui_2288,NO,-1,비정상적인 트래픽 감지,/w/부의,https://namu.wiki/w/%EB%B6%80%EC%9D%98,"title_mismatch,path_match",
2319,서상,seo_sang_2319,NO,-1,비정상적인 트래픽 감지,/w/서상,https://namu.wiki/w/%EC%84%9C%EC%83%81,"title_mismatch,path_match",
2355,손환,son_hwan_2355,NO,-1,비정상적인 트래픽 감지,/w/손환,https://namu.wiki/w/%EC%86%90%ED%99%98,"title_mismatch,path_match",
2386,양추,yang_chu_2386,NO,-1,비정상적인 트래픽 감지,/w/양추,https://namu.wiki/w/%EC%96%91%EC%B6%94,"title_mismatch,path_match",
2398,여건,yeo_geon,NO,-1,비정상적인 트래픽 감지,/w/여건,https://namu.wiki/w/%EC%97%AC%EA%B1%B4,"title_mismatch,path_match",
2399,여건,yeo_geon_2399,NO,-1,비정상적인 트래픽 감지,/w/여건,https://namu.wiki/w/%EC%97%AC%EA%B1%B4,"title_mismatch,path_match",
2454,유기,yu_gi_2454,NO,-1,비정상적인 트래픽 감지,/w/유기,https://namu.wiki/w/%EC%9C%A0%EA%B8%B0,"title_mismatch,path_match",
2458,유선,yu_seon_2458,NO,-1,비정상적인 트래픽 감지,/w/유선,https://namu.wiki/w/%EC%9C%A0%EC%84%A0,"title_mismatch,path_match",
2465,유초,yu_cho_2465,NO,-1,비정상적인 트래픽 감지,/w/유초,https://namu.wiki/w/%EC%9C%A0%EC%B4%88,"title_mismatch,path_match",
2497,이풍,i_pung_2497,NO,-1,비정상적인 트래픽 감지,/w/이풍,https://namu.wiki/w/%EC%9D%B4%ED%92%8D,"title_mismatch,path_match",
2509,장승,jang_seung_2509,NO,-1,비정상적인 트래픽 감지,/w/장승,https://namu.wiki/w/%EC%9E%A5%EC%8A%B9,"title_mismatch,path_match",
2560,조홍,jo_hong_2560,NO,-1,비정상적인 트래픽 감지,/w/조홍,https://namu.wiki/w/%EC%A1%B0%ED%99%8D,"title_mismatch,path_match",
2638,한기,han_gi_2638,NO,-1,비정상적인 트래픽 감지,/w/한기,https://namu.wiki/w/%ED%95%9C%EA%B8%B0,"title_mismatch,path_match",
2650,허정,heo_jeong_2650,NO,-1,비정상적인 트래픽 감지,/w/허정,https://namu.wiki/w/%ED%97%88%EC%A0%95,"title_mismatch,path_match",
